time,voltage,lowess
0.005,1.39,0.536545114514754
0.01,1.39,0.5329488449877141
0.015,0.62,0.5298971922853618
0.02,0.62,0.5274200663289689
0.025,0.38,0.5253715992890066
0.030000000000000002,0.38,0.5234475656390538
0.035,0.56,0.5214773640513862
0.04,0.56,0.5195171012531175
0.045,0.5,0.5177465619037618
0.049999999999999996,0.5,0.5165786498306761
0.05499999999999999,0.5,0.5187437941303359
0.05999999999999999,0.5,0.5212263733331758
0.06499999999999999,0.58,0.5234669387341756
0.06999999999999999,0.58,0.5247802361225818
0.075,0.46,0.5255191488058703
0.08,0.46,0.526861926900239
0.085,0.64,0.5284968737094566
0.09000000000000001,0.64,0.5292132680004888
0.09500000000000001,0.44,0.5289930804108531
0.10000000000000002,0.44,0.5285531513106256
0.10500000000000002,0.51,0.5284181393599207
0.11000000000000003,0.51,0.528919086988072
0.11500000000000003,0.65,0.5300883287057544
0.12000000000000004,0.65,0.5315632649467563
0.12500000000000003,0.37,0.5331500429579336
0.13000000000000003,0.37,0.5351102967049269
0.13500000000000004,0.62,0.5372410269433222
0.14000000000000004,0.62,0.5386530972523855
0.14500000000000005,0.54,0.5394864814735484
0.15000000000000005,0.54,0.5410200233263506
0.15500000000000005,0.53,0.5436339940956398
0.16000000000000006,0.53,0.5466537330085052
0.16500000000000006,0.57,0.5489904355389725
0.17000000000000007,0.57,0.5495759586108088
0.17500000000000007,0.47,0.5492549906140792
0.18000000000000008,0.47,0.5501399475798101
0.18500000000000008,0.7,0.5524108381995984
0.19000000000000009,0.7,0.5546001181428992
0.1950000000000001,0.47,0.5559702797355505
0.2000000000000001,0.47,0.5567012722164459
0.2050000000000001,0.51,0.5573972219530212
0.2100000000000001,0.51,0.5583946696249942
0.2150000000000001,0.75,0.5591311288406144
0.2200000000000001,0.75,0.5591014052414152
0.22500000000000012,0.4,0.5588177743662601
0.23000000000000012,0.4,0.559273326466422
0.23500000000000013,0.6,0.5604996495091108
0.24000000000000013,0.6,0.5611203391760677
0.24500000000000013,0.61,0.5603191456964309
0.2500000000000001,0.61,0.5589412355788393
0.2550000000000001,0.48,0.5578603241457537
0.2600000000000001,0.48,0.5573174944329925
0.2650000000000001,0.63,0.5567941638397217
0.27000000000000013,0.63,0.5550788131129133
0.27500000000000013,0.49,0.5525525896559637
0.28000000000000014,0.49,0.5511838759131157
0.28500000000000014,0.62,0.5514093527157768
0.29000000000000015,0.62,0.5520526324311997
0.29500000000000015,0.5,0.5522981136132189
0.30000000000000016,0.5,0.5518771095564471
0.30500000000000016,0.48,0.5512851650069941
0.31000000000000016,0.48,0.5514383691373069
0.31500000000000017,0.76,0.5521901962477462
0.3200000000000002,0.76,0.5527824318478097
0.3250000000000002,0.42,0.5533649454173634
0.3300000000000002,0.42,0.5545769003088342
0.3350000000000002,0.58,0.5560604706965441
0.3400000000000002,0.58,0.5565412849348427
0.3450000000000002,0.62,0.5553100197176951
0.3500000000000002,0.62,0.5529749126746224
0.3550000000000002,0.45,0.5507178849785969
0.3600000000000002,0.45,0.5495232368633133
0.3650000000000002,0.65,0.5491636023461679
0.3700000000000002,0.65,0.5481656916839736
0.3750000000000002,0.47,0.5462480352900713
0.3800000000000002,0.47,0.5446795019199238
0.38500000000000023,0.57,0.543585309947797
0.39000000000000024,0.57,0.5419139639833281
0.39500000000000024,0.56,0.5389572508425587
0.40000000000000024,0.56,0.53466018929358
0.40500000000000025,0.46,0.5302378118451457
0.41000000000000025,0.46,0.527298306700883
0.41500000000000026,0.69,0.525569486046463
0.42000000000000026,0.69,0.5234970691936787
0.42500000000000027,0.37,0.5205054763681021
0.43000000000000027,0.37,0.5171731787221244
0.4350000000000003,0.5,0.5139656174336038
0.4400000000000003,0.5,0.5109510819951663
0.4450000000000003,0.63,0.5084166833029714
0.4500000000000003,0.63,0.5068558476233072
0.4550000000000003,0.38,0.5068947986434299
0.4600000000000003,0.38,0.5090819057805076
0.4650000000000003,0.57,0.512619082499321
0.4700000000000003,0.57,0.5154250176795863
0.4750000000000003,0.47,0.5167219773137198
0.4800000000000003,0.47,0.5178186933765071
0.4850000000000003,0.54,0.519745001945974
0.4900000000000003,0.54,0.5224483751472099
0.49500000000000033,0.58,0.5251733983738477
0.5000000000000003,0.58,0.5268097663489183
0.5050000000000003,0.44,0.5275427723386782
0.5100000000000003,0.44,0.5285786731520438
0.5150000000000003,0.64,0.5296095525399749
0.5200000000000004,0.64,0.5291889182465037
0.5250000000000004,0.47,0.5267986693916874
0.5300000000000004,0.47,0.5231068185219558
0.5350000000000004,0.48,0.5190415736807467
0.5400000000000004,0.48,0.5149965873671746
0.5450000000000004,0.67,0.5106833300130055
0.5500000000000004,0.67,0.5057101009044762
0.5550000000000004,0.37,0.5003907533102613
0.5600000000000004,0.37,0.4956920620344216
0.5650000000000004,0.52,0.491956733974254
0.5700000000000004,0.52,0.48836041040355715
0.5750000000000004,0.49,0.48457701851137336
0.5800000000000004,0.49,0.48143496102887207
0.5850000000000004,0.42,0.4795711190445874
0.5900000000000004,0.42,0.4791555584605424
0.5950000000000004,0.53,0.47982172111482085
0.6000000000000004,0.53,0.4804580938166112
0.6050000000000004,0.43,0.48083553191804956
0.6100000000000004,0.43,0.4820482485485164
0.6150000000000004,0.56,0.484415609170263
0.6200000000000004,0.56,0.4872599336257509
0.6250000000000004,0.44,0.49022944247965966
0.6300000000000004,0.44,0.4930359787203586
0.6350000000000005,0.46,0.4950209751745028
0.6400000000000005,0.46,0.496061861304033
0.6450000000000005,0.59,0.49644379031443175
0.6500000000000005,0.59,0.4968177624287022
0.6550000000000005,0.43,0.49989707505073605
0.6600000000000005,0.43,0.5083611334421027
0.6650000000000005,0.57,0.5219979289331935
0.6700000000000005,0.57,0.5391869504698966
0.6750000000000005,0.44,0.5588602101878932
0.6800000000000005,0.44,0.5815802706985881
0.6850000000000005,0.47,0.609228802040612
0.6900000000000005,0.47,0.650694268116359
0.6950000000000005,0.87,0.7389037708291813
0.7000000000000005,0.87,0.8772692199961569
0.7050000000000005,0.62,1.0201946298852302
0.7100000000000005,0.62,1.150616899293924
0.7150000000000005,3.39,1.2699681687636113
0.7200000000000005,3.39,1.3841207409086929
0.7250000000000005,0.82,1.4999667159505
0.7300000000000005,0.82,1.6181969786087256
0.7350000000000005,1.89,1.7396561663382324
0.7400000000000005,1.89,1.870683508211117
0.7450000000000006,2.24,1.9631002701352058
0.7500000000000006,2.24,1.968703332125214
0.7550000000000006,2.01,1.935269641742709
0.7600000000000006,2.01,1.8934123624356665
0.7650000000000006,0.75,1.8463278327524288
0.7700000000000006,0.75,1.7951607075980274
0.7750000000000006,1.64,1.7632239011097968
0.7800000000000006,1.64,1.7555149151843932
0.7850000000000006,0.74,1.741930086763292
0.7900000000000006,0.74,1.7177214166935764
0.7950000000000006,4.09,1.6924299706171777
0.8000000000000006,4.09,1.6724049666079461
0.8050000000000006,0.86,1.650947502659956
0.8100000000000006,0.86,1.6124763084083278
0.8150000000000006,1.68,1.5667285305374785
0.8200000000000006,1.68,1.5408174250070739
0.8250000000000006,0.86,1.4933212119942025
0.8300000000000006,0.86,1.4092551391296693
0.8350000000000006,3.11,1.3244829814095371
0.8400000000000006,3.11,1.2440112919927575
0.8450000000000006,0.85,1.1648343066303288
0.8500000000000006,0.85,1.085721994033844
0.8550000000000006,0.92,1.0103374055251821
0.8600000000000007,0.92,0.9498422770225994
0.8650000000000007,0.99,0.9159307572582474
0.8700000000000007,0.99,0.8969855362673411
0.8750000000000007,1.71,0.8803882011687217
0.8800000000000007,1.71,0.8636040943637522
0.8850000000000007,2.08,0.8458454331096331
0.8900000000000007,2.08,0.8260203698632603
0.8950000000000007,0.77,0.8030031230239866
0.9000000000000007,0.77,0.7841286534402712
0.9050000000000007,0.75,0.8109504912888496
0.9100000000000007,0.75,0.884939534268401
0.9150000000000007,0.28,0.9522527678180617
0.9200000000000007,0.28,1.0137907578323904
0.9250000000000007,3.39,1.0713134420019188
0.9300000000000007,3.39,1.1263898810559074
0.9350000000000007,0.63,1.1830030590886629
0.9400000000000007,0.63,1.24583440548107
0.9450000000000007,1.49,1.3183940768175033
0.9500000000000007,1.49,1.388911293662808
0.9550000000000007,1.37,1.4463517294429908
0.9600000000000007,1.37,1.5073644097023273
0.9650000000000007,1.47,1.5774657288829048
0.9700000000000008,1.47,1.653128927749831
0.9750000000000008,0.84,1.7344220194003563
0.9800000000000008,0.84,1.8120050363853608
0.9850000000000008,2.06,1.832391161512156
0.9900000000000008,2.06,1.8137832921378483
0.9950000000000008,2.57,1.8171856696520217
1.0000000000000007,2.57,1.8408842952328153
1.0050000000000006,2.6,1.8700499506059525
1.0100000000000005,2.6,1.8920726624702628
1.0150000000000003,1.0,1.8905139136482692
1.0200000000000002,1.0,1.8652092505571636
1.0250000000000001,1.83,1.8351997219393141
1.03,1.83,1.8055594788241576
1.035,1.18,1.764144105701177
1.0399999999999998,1.18,1.7095029782248277
1.0449999999999997,1.74,1.6631961952563137
1.0499999999999996,1.74,1.6412778482605586
1.0549999999999995,1.39,1.6316731002578448
1.0599999999999994,1.39,1.6189980112508406
1.0649999999999993,3.24,1.5984960595251272
1.0699999999999992,3.24,1.5734878554376661
1.074999999999999,0.84,1.5496324738762957
1.079999999999999,0.84,1.528357426965267
1.0849999999999989,1.67,1.5092591958928385
1.0899999999999987,1.67,1.4949129799822543
1.0949999999999986,1.5,1.4842795170974552
1.0999999999999985,1.5,1.465605412793351
1.1049999999999984,1.27,1.4417948171112385
1.1099999999999983,1.27,1.4338564089858723
1.1149999999999982,3.18,1.4414293323522454
1.119999999999998,3.18,1.456711401713306
1.124999999999998,1.31,1.4769044740744488
1.129999999999998,1.31,1.5035055066311602
1.1349999999999978,0.81,1.535407160051733
1.1399999999999977,0.81,1.5651718196696471
1.1449999999999976,1.77,1.5966742125145892
1.1499999999999975,1.77,1.6350901756688279
1.1549999999999974,0.48,1.676080617605388
1.1599999999999973,0.48,1.7120233347270257
1.1649999999999971,0.82,1.7359058206337268
1.169999999999997,0.82,1.751226196909587
1.174999999999997,1.79,1.7585302990448661
1.1799999999999968,1.79,1.7601083401013735
1.1849999999999967,2.41,1.7707323173686655
1.1899999999999966,2.41,1.7923581535832327
1.1949999999999965,1.19,1.8274232398483072
1.1999999999999964,1.19,1.8773401615834429
1.2049999999999963,1.74,1.9321341917357728
1.2099999999999962,1.74,1.988016474806757
1.214999999999996,0.72,2.051264854563187
1.219999999999996,0.72,2.1434463282906804
1.2249999999999959,2.4,2.282610914882233
1.2299999999999958,2.4,2.3618944553795123
1.2349999999999957,0.5,2.200738646528538
1.2399999999999956,0.5,2.042126842399123
1.2449999999999954,2.38,1.9644287092017285
1.2499999999999953,2.38,1.914802346401519
1.2549999999999952,0.34,1.8582260974828915
1.2599999999999951,0.34,1.7826567915852145
1.264999999999995,0.35,1.6921393396469515
1.269999999999995,0.35,1.5791770541532517
1.2749999999999948,1.39,1.4639179389218846
1.2799999999999947,1.39,1.4015480484279734
1.2849999999999946,0.35,1.3558212539713057
1.2899999999999945,0.35,1.3164786980067409
1.2949999999999944,1.33,1.2957728891751836
1.2999999999999943,1.33,1.290010855734532
1.3049999999999942,0.92,1.2830280748366498
1.309999999999994,0.92,1.2703360311214729
1.314999999999994,2.42,1.2540759529978736
1.3199999999999938,2.42,1.2370442836884954
1.3249999999999937,1.82,1.2218853661837819
1.3299999999999936,1.82,1.2095778736301397
1.3349999999999935,1.27,1.1994396565077061
1.3399999999999934,1.27,1.1926127373493933
1.3449999999999933,1.07,1.2017638660945746
1.3499999999999932,1.07,1.23316446286535
1.354999999999993,0.71,1.2587586164966449
1.359999999999993,0.71,1.2681141809635115
1.3649999999999929,3.91,1.2638960325751463
1.3699999999999928,3.91,1.2544351022238314
1.3749999999999927,0.78,1.2487702244174843
1.3799999999999926,0.78,1.2536857859859463
1.3849999999999925,1.57,1.2762106158239357
1.3899999999999924,1.57,1.3008775482667791
1.3949999999999922,0.96,1.290798650438583
1.3999999999999921,0.96,1.2589444516292791
1.404999999999992,1.16,1.2244366806928297
1.409999999999992,1.16,1.1890940517662008
1.4149999999999918,0.51,1.153661064444607
1.4199999999999917,0.51,1.1220962809300563
1.4249999999999916,1.17,1.106166429202009
1.4299999999999915,1.17,1.1120202754404536
1.4349999999999914,0.97,1.1260087954997804
1.4399999999999913,0.97,1.1370911911999582
1.4449999999999912,2.63,1.1437273847394256
1.449999999999991,2.63,1.1489273058689418
1.454999999999991,0.43,1.1562681196302147
1.4599999999999909,0.43,1.1665285010316262
1.4649999999999908,1.34,1.1797494026847066
1.4699999999999906,1.34,1.2010827106153352
1.4749999999999905,1.09,1.2547724666544366
1.4799999999999904,1.09,1.3475900219025279
1.4849999999999903,0.61,1.4308695694843225
1.4899999999999902,0.61,1.4982647571444745
1.4949999999999901,0.84,1.5594751637829132
1.49999999999999,0.84,1.6193203632770068
1.50499999999999,3.48,1.6811050600441484
1.5099999999999898,3.48,1.7497039927170543
1.5149999999999897,2.1,1.8367142123663731
1.5199999999999896,2.1,1.9438660034032933
1.5249999999999895,1.84,1.9869284482377663
1.5299999999999894,1.84,1.9324849928412324
1.5349999999999893,2.16,1.8539042099047225
1.5399999999999892,2.16,1.7799681965242304
1.544999999999989,0.5,1.7116788088369466
1.549999999999989,0.5,1.6452903906920597
1.5549999999999888,1.1,1.5781520610323567
1.5599999999999887,1.1,1.508370579771823
1.5649999999999886,2.93,1.4341058353064573
1.5699999999999885,2.93,1.3582957270585752
1.5749999999999884,1.28,1.2974594337633516
1.5799999999999883,1.28,1.263078403327806
1.5849999999999882,2.0,1.2576925254640245
1.589999999999988,2.0,1.2660585107267126
1.594999999999988,0.8,1.2728306475381186
1.5999999999999879,0.8,1.2758053618181782
1.6049999999999878,0.53,1.2791487841430031
1.6099999999999877,0.53,1.285818738996576
1.6149999999999876,1.43,1.2944477462307382
1.6199999999999875,1.43,1.3070547819753777
1.6249999999999873,1.16,1.3398470607434587
1.6299999999999872,1.16,1.3915401168056158
1.6349999999999871,1.03,1.4448030964544454
1.639999999999987,1.03,1.4895752426709885
1.644999999999987,1.71,1.487327072843605
1.6499999999999868,1.71,1.4452063383645357
1.6549999999999867,3.43,1.4185987099831676
1.6599999999999866,3.43,1.4190970139785755
1.6649999999999865,2.73,1.436463297012154
1.6699999999999864,2.73,1.4553852553180824
1.6749999999999863,0.65,1.4589808510682178
1.6799999999999862,0.65,1.440212486227736
1.684999999999986,1.2,1.4025455639868127
1.689999999999986,1.2,1.3616525519118792
1.6949999999999859,1.49,1.3585898066187907
1.6999999999999857,1.49,1.3775099746610255
1.7049999999999856,1.4,1.3872497881746624
1.7099999999999855,1.4,1.3903610162574267
1.7149999999999854,1.49,1.3877420530484355
1.7199999999999853,1.49,1.377656742391577
1.7249999999999852,0.84,1.3609170861053723
1.729999999999985,0.84,1.337213694281069
1.734999999999985,1.3,1.3042072481207347
1.739999999999985,1.3,1.263134269780384
1.7449999999999848,1.48,1.2214975908837484
1.7499999999999847,1.48,1.186117269364068
1.7549999999999846,0.95,1.1577788996606506
1.7599999999999845,0.95,1.13382854042647
1.7649999999999844,2.27,1.1122684510493357
1.7699999999999843,2.27,1.0920400280915377
1.7749999999999841,0.79,1.071892794354576
1.779999999999984,0.79,1.0541574656463162
1.784999999999984,1.05,1.0455083703082328
1.7899999999999838,1.05,1.0500504614248602
1.7949999999999837,1.18,1.0676855437020059
1.7999999999999836,1.18,1.096318760574563
1.8049999999999835,0.41,1.130461954009843
1.8099999999999834,0.41,1.1654202827988005
1.8149999999999833,1.94,1.1989226042044625
1.8199999999999832,1.94,1.2295487431827918
1.824999999999983,0.94,1.2557916180662925
1.829999999999983,0.94,1.27759598296429
1.8349999999999829,1.48,1.2992011301099293
1.8399999999999828,1.48,1.3350887860771712
1.8449999999999827,1.29,1.3941024318654633
1.8499999999999825,1.29,1.4472050342463314
1.8549999999999824,3.03,1.4968891454126831
1.8599999999999823,3.03,1.5426129106218163
1.8649999999999822,2.75,1.576945536379384
1.8699999999999821,2.75,1.601305738246715
1.874999999999982,2.4,1.6240530722381294
1.879999999999982,2.4,1.6531632610019602
1.8849999999999818,1.78,1.6991844612047171
1.8899999999999817,1.78,1.7501949472104796
1.8949999999999816,2.53,1.75423521681664
1.8999999999999815,2.53,1.7174032915361022
1.9049999999999814,1.67,1.6751085425020906
1.9099999999999813,1.67,1.6337672919856943
1.9149999999999812,0.72,1.596190903652139
1.919999999999981,0.72,1.5647339694181717
1.924999999999981,0.66,1.539414953106605
1.9299999999999808,0.66,1.5197887487238555
1.9349999999999807,1.4,1.502936577094577
1.9399999999999806,1.4,1.4821027957331925
1.9449999999999805,0.5,1.4571186541999988
1.9499999999999804,0.5,1.4328538323993605
1.9549999999999803,1.81,1.4160548146116922
1.9599999999999802,1.81,1.4061685322436117
1.96499999999998,0.43,1.3977593537224904
1.96999999999998,0.43,1.3886564806050148
1.9749999999999799,1.32,1.3803853757169948
1.9799999999999798,1.32,1.3713344533507548
1.9849999999999797,1.87,1.3449693829830727
1.9899999999999796,1.87,1.298945037391489
1.9949999999999795,0.32,1.2444536676779359
1.9999999999999793,0.32,1.1875326237485704
2.0049999999999795,1.79,1.1324414000792447
2.0099999999999794,1.79,1.0813805098589966
2.0149999999999793,1.42,1.0396713967444366
2.019999999999979,1.42,1.0107497878254226
2.024999999999979,0.77,0.9552128089002957
2.029999999999979,0.77,0.8688722479339941
2.034999999999979,0.38,0.7859447750856466
2.0399999999999787,0.38,0.7080647212175762
2.0449999999999786,1.41,0.6350809473351684
2.0499999999999785,1.41,0.5689496924731968
2.0549999999999784,0.5,0.5108446032685093
2.0599999999999783,0.5,0.4607428619108541
2.064999999999978,0.96,0.42003784541773853
2.069999999999978,0.96,0.38937919498086804
2.074999999999978,0.13,0.36723786932235675
2.079999999999978,0.13,0.3522510794931091
2.0849999999999778,0.29,0.34314663961021014
2.0899999999999777,0.29,0.3407098423274238
2.0949999999999775,0.42,0.34523610893342604
2.0999999999999774,0.42,0.3575390544845667
2.1049999999999773,0.03,0.3767467104385135
2.1099999999999772,0.03,0.3945455210223967
2.114999999999977,0.52,0.4032750150767298
2.119999999999977,0.52,0.4031057831561301
2.124999999999977,0.59,0.39840971060775504
2.129999999999977,0.59,0.39236261398845723
2.1349999999999767,0.5,0.3840744377243383
2.1399999999999766,0.5,0.3708863014481134
2.1449999999999765,0.0,0.35036805471357463
2.1499999999999764,0.0,0.3215154673578776
2.1549999999999763,0.23,0.2867459832239489
2.159999999999976,0.23,0.2502025824753608
2.164999999999976,0.38,0.21605158452701848
2.169999999999976,0.38,0.18751066049067142
2.174999999999976,0.05,0.1660209541187923
2.1799999999999757,0.05,0.15073419772767221
2.1849999999999756,0.02,0.13941943392091766
2.1899999999999755,0.02,0.12971789550379953
2.1949999999999754,0.14,0.1212864952855392
2.1999999999999753,0.14,0.11683132721743605
2.204999999999975,0.12,0.11850718979956389
2.209999999999975,0.12,0.12562620687761086
2.214999999999975,0.08,0.1359634865536884
2.219999999999975,0.08,0.14660105432129414
2.2249999999999748,0.13,0.15457072383861054
2.2299999999999747,0.13,0.1590172965971289
2.2349999999999746,0.44,0.1611409995114741
2.2399999999999745,0.44,0.16256771258121788
2.2449999999999743,0.11,0.16344517461873878
2.2499999999999742,0.11,0.16270153218058367
2.254999999999974,0.22,0.15969202721495374
2.259999999999974,0.22,0.1541734046042809
2.264999999999974,0.05,0.1461928015743964
2.269999999999974,0.05,0.1366348303089265
2.2749999999999737,0.18,0.12697326098225178
2.2799999999999736,0.18,0.11848947785772738
2.2849999999999735,0.02,0.11139024006364356
2.2899999999999734,0.02,0.10459410076861894
2.2949999999999733,0.14,0.09779323546574835
2.299999999999973,0.14,0.09213255374137981
2.304999999999973,0.13,0.0882878604676665
2.309999999999973,0.13,0.08554481832051705
2.314999999999973,0.04,0.08273770992039407
2.3199999999999728,0.04,0.0796164746988483
2.3249999999999726,0.03,0.0763170555815995
2.3299999999999725,0.03,0.07239752470796984
2.3349999999999724,0.11,0.06759088010991077
2.3399999999999723,0.11,0.06278550846644614
2.344999999999972,0.07,0.05892278956970625
2.349999999999972,0.07,0.056177623188992706
2.354999999999972,0.03,0.05468232509350836
2.359999999999972,0.03,0.05426690862590208
2.364999999999972,0.06,0.05439244035370369
2.3699999999999717,0.06,0.054868951716335046
2.3749999999999716,0.03,0.055803290450370316
2.3799999999999715,0.03,0.0575776662471214
2.3849999999999714,0.02,0.06076654181044959
2.3899999999999713,0.02,0.06540254161091036
2.394999999999971,0.12,0.07113089287926352
2.399999999999971,0.12,0.07776162545252396
2.404999999999971,0.08,0.08542363273968182
2.409999999999971,0.08,0.09419312183905296
2.4149999999999707,0.09,0.10355868318537902
2.4199999999999706,0.09,0.11261884749370717
2.4249999999999705,0.14,0.12067694894366562
2.4299999999999704,0.14,0.12752750423588594
2.4349999999999703,0.12,0.13328399636278626
2.43999999999997,0.12,0.13820299772614592
2.44499999999997,0.2,0.14214767153280136
2.44999999999997,0.2,0.1445586027814061
2.45499999999997,0.14,0.1451973443575132
2.4599999999999698,0.14,0.14442265065304574
2.4649999999999697,0.16,0.14316831754395015
2.4699999999999696,0.16,0.14230064089685793
2.4749999999999694,0.15,0.14216868074872369
2.4799999999999693,0.15,0.14261492210774915
2.4849999999999692,0.07,0.1434892514556157
2.489999999999969,0.07,0.1448436280891196
2.494999999999969,0.13,0.14669393954591664
2.499999999999969,0.13,0.14904227672885406
2.504999999999969,0.2,0.15274706400850668
2.5099999999999687,0.2,0.15891705488443864
2.5149999999999686,0.17,0.1677359507101133
2.5199999999999685,0.17,0.17838468368652172
2.5249999999999684,0.18,0.18950451176832803
2.5299999999999683,0.18,0.19991435209467734
2.534999999999968,0.15,0.20942659442382525
2.539999999999968,0.15,0.2184605114125712
2.544999999999968,0.31,0.2267922118667947
2.549999999999968,0.31,0.2340743051737262
2.5549999999999677,0.25,0.24042047212278791
2.5599999999999676,0.25,0.24579019381378084
2.5649999999999675,0.24,0.25005687641091245
2.5699999999999674,0.24,0.25307312427738815
2.5749999999999673,0.35,0.25446577241411006
2.579999999999967,0.35,0.2541227465202834
2.584999999999967,0.16,0.2527013030103957
2.589999999999967,0.16,0.251222381721201
2.594999999999967,0.26,0.2503826937005335
2.599999999999967,0.26,0.250141664480218
2.6049999999999667,0.26,0.2507879244895954
2.6099999999999666,0.26,0.2529241947863141
2.6149999999999665,0.21,0.2566932648464862
2.6199999999999664,0.21,0.26188027988284546
2.6249999999999662,0.3,0.26789025893979607
2.629999999999966,0.3,0.27375133681128794
2.634999999999966,0.25,0.2793834983418259
2.639999999999966,0.25,0.2855715518121616
2.644999999999966,0.36,0.2920877887455323
2.6499999999999657,0.36,0.29792696360603044
2.6549999999999656,0.28,0.3024689129133984
2.6599999999999655,0.28,0.3054054362075004
2.6649999999999654,0.28,0.3066262935306181
2.6699999999999653,0.28,0.30673544251650875
2.674999999999965,0.42,0.30711584494750327
2.679999999999965,0.42,0.3084606739217532
2.684999999999965,0.22,0.3101155465208292
2.689999999999965,0.22,0.31128161314511027
2.6949999999999648,0.32,0.31154127974183093
2.6999999999999647,0.32,0.3106866014404257
2.7049999999999645,0.28,0.30961159914766145
2.7099999999999644,0.28,0.30955208491208247
2.7149999999999643,0.41,0.3104904056624256
2.7199999999999642,0.41,0.31191613985196187
2.724999999999964,0.25,0.3132941580842906
2.729999999999964,0.25,0.31356756822457754
2.734999999999964,0.27,0.31226488970486344
2.739999999999964,0.27,0.31007200788765804
2.7449999999999637,0.46,0.3074948068607561
2.7499999999999636,0.46,0.3046875407439202
2.7549999999999635,0.2,0.3020726647805871
2.7599999999999634,0.2,0.30004538358700356
2.7649999999999633,0.3,0.29826474906284384
2.769999999999963,0.3,0.2957603427631837
2.774999999999963,0.33,0.2925901492736474
2.779999999999963,0.33,0.2900291718003205
2.784999999999963,0.24,0.2888551986865143
2.7899999999999627,0.24,0.289163344147798
2.7949999999999626,0.32,0.2905986132400124
2.7999999999999625,0.32,0.29197744972402595
2.8049999999999624,0.22,0.29255335854894665
2.8099999999999623,0.22,0.29283066096208926
2.814999999999962,0.4,0.2931074002922377
2.819999999999962,0.4,0.2933229501229754
2.824999999999962,0.25,0.2936477310962235
2.829999999999962,0.25,0.29390671903030746
2.8349999999999618,0.29,0.2937039113673091
2.8399999999999617,0.29,0.29309639132100185
2.8449999999999616,0.34,0.2921426155291266
2.8499999999999615,0.34,0.290615583288732
2.8549999999999613,0.21,0.2887007653730571
2.8599999999999612,0.21,0.28719956456277024
2.864999999999961,0.33,0.2864980189123983
2.869999999999961,0.33,0.286060218650751
2.874999999999961,0.28,0.28579797521287664
2.879999999999961,0.28,0.2863891997334557
2.8849999999999607,0.27,0.28812670289192904
2.8899999999999606,0.27,0.29068617335284963
2.8949999999999605,0.31,0.29337789273986203
2.8999999999999604,0.31,0.2954607927285811
2.9049999999999603,0.25,0.29705908405227077
2.90999999999996,0.25,0.29898177457040187
2.91499999999996,0.37,0.30112203540315174
2.91999999999996,0.37,0.3026728585320158
2.92499999999996,0.29,0.30345426115792806
2.9299999999999597,0.29,0.3038361534872642
2.9349999999999596,0.28,0.304281098219856
2.9399999999999595,0.28,0.30501233136380584
2.9449999999999594,0.38,0.30568954891473005
2.9499999999999593,0.38,0.3058417699269015
2.954999999999959,0.2,0.30554324428578644
2.959999999999959,0.2,0.30527187648715653
2.964999999999959,0.34,0.30513719197339034
2.969999999999959,0.34,0.304880806353142
2.974999999999959,0.34,0.3050341013590855
2.9799999999999587,0.34,0.3064011859785987
2.9849999999999586,0.27,0.30870074508031514
2.9899999999999585,0.27,0.3111867723512706
2.9949999999999584,0.34,0.31326818746924945
2.9999999999999583,0.34,0.31419610680083326
3.004999999999958,0.25,0.3137252773797793
3.009999999999958,0.25,0.3126615506209175
3.014999999999958,0.43,0.3116536291529274
3.019999999999958,0.43,0.3108014346435123
3.0249999999999577,0.25,0.31036334390513076
3.0299999999999576,0.25,0.31027785976987005
3.0349999999999575,0.31,0.3101228665602061
3.0399999999999574,0.31,0.30991351501661096
3.0449999999999573,0.33,0.31002529837735404
3.049999999999957,0.33,0.31049191630097583
3.054999999999957,0.24,0.311180650289918
3.059999999999957,0.24,0.31236917009100285
3.064999999999957,0.37,0.3140512245454576
3.0699999999999568,0.37,0.3155055957083522
3.0749999999999567,0.3,0.31668361469277934
3.0799999999999566,0.3,0.31829442477744524
3.0849999999999564,0.36,0.3201904914861433
3.0899999999999563,0.36,0.32161048831606776
3.0949999999999562,0.31,0.32206024584116016
3.099999999999956,0.31,0.3212094075655101
3.104999999999956,0.27,0.31904990573327013
3.109999999999956,0.27,0.31643696646419833
3.114999999999956,0.41,0.31474662472273573
3.1199999999999557,0.41,0.31457474170110666
3.1249999999999556,0.24,0.31574329345507113
3.1299999999999555,0.24,0.3178593230096963
3.1349999999999554,0.32,0.32014321843881843
3.1399999999999553,0.32,0.32182495506209835
3.144999999999955,0.3,0.32310341840590034
3.149999999999955,0.3,0.32457312779238534
3.154999999999955,0.38,0.3261697009625039
3.159999999999955,0.38,0.32786259207968377
3.1649999999999547,0.35,0.32964654335375576
3.1699999999999546,0.35,0.33079638775756376
3.1749999999999545,0.27,0.3307643054346243
3.1799999999999544,0.27,0.3297923259791958
3.1849999999999543,0.42,0.3279238085018609
3.189999999999954,0.42,0.3251961318000566
3.194999999999954,0.25,0.32251969166349137
3.199999999999954,0.25,0.3208377216637851
3.204999999999954,0.32,0.3200985447593684
3.209999999999954,0.32,0.3196130765827273
3.2149999999999537,0.35,0.31908134543241745
3.2199999999999536,0.35,0.3185761135058725
3.2249999999999535,0.25,0.31823354987961866
3.2299999999999534,0.25,0.3184834755145197
3.2349999999999532,0.41,0.3194843000945108
3.239999999999953,0.41,0.3205975480397056
3.244999999999953,0.26,0.3214107044419924
3.249999999999953,0.26,0.32217830204738956
3.254999999999953,0.35,0.32267990850168815
3.2599999999999527,0.35,0.322546386954744
3.2649999999999526,0.32,0.3222381682303806
3.2699999999999525,0.32,0.3221810362159397
3.2749999999999524,0.3,0.32235842672950016
3.2799999999999523,0.3,0.32306986259801
3.284999999999952,0.38,0.3245339435765993
3.289999999999952,0.38,0.3259696886302703
3.294999999999952,0.23,0.3261647068599147
3.299999999999952,0.23,0.32484699995044725
3.3049999999999518,0.41,0.32244973275816086
3.3099999999999516,0.41,0.3195563197799233
3.3149999999999515,0.31,0.31726079185569467
3.3199999999999514,0.31,0.3163142779237303
3.3249999999999513,0.33,0.31625967361179014
3.329999999999951,0.33,0.31634298473018574
3.334999999999951,0.26,0.31604014643551637
3.339999999999951,0.26,0.3147785604922142
3.344999999999951,0.27,0.31274984607690365
3.349999999999951,0.27,0.31121288908333433
3.3549999999999507,0.43,0.31098896198509507
3.3599999999999506,0.43,0.3117984843711376
3.3649999999999505,0.25,0.31324720896072444
3.3699999999999504,0.25,0.31505659296597993
3.3749999999999503,0.32,0.31651749436064724
3.37999999999995,0.32,0.3168835291045857
3.38499999999995,0.35,0.3162069329353147
3.38999999999995,0.35,0.3153313548441929
3.39499999999995,0.27,0.31515515641178815
3.3999999999999497,0.27,0.3161962285523383
3.4049999999999496,0.35,0.3181429885795932
3.4099999999999495,0.35,0.3198529133503488
3.4149999999999494,0.27,0.3208693402735468
3.4199999999999493,0.27,0.32176049258324224
3.424999999999949,0.37,0.32267525068334035
3.429999999999949,0.37,0.32339705200837304
3.434999999999949,0.34,0.3240154807946007
3.439999999999949,0.34,0.3245632275966587
3.4449999999999488,0.28,0.32515296589699266
3.4499999999999487,0.28,0.3259976115840207
3.4549999999999486,0.39,0.32661808288023025
3.4599999999999485,0.39,0.32619962337301495
3.4649999999999483,0.25,0.32460570327359495
3.4699999999999482,0.25,0.3225513076173015
3.474999999999948,0.35,0.32095730174699805
3.479999999999948,0.35,0.3204344430200738
3.484999999999948,0.37,0.3220187655172842
3.489999999999948,0.37,0.3263579090294234
3.4949999999999477,0.25,0.33249307467335165
3.4999999999999476,0.25,0.3388021113438523
3.5049999999999475,0.33,0.34357471954178725
3.5099999999999474,0.33,0.3456927161525839
3.5149999999999473,0.33,0.34597958800148687
3.519999999999947,0.33,0.3463213354385971
3.524999999999947,0.56,0.34751748553679507
3.529999999999947,0.56,0.34942928255442196
3.534999999999947,0.3,0.3518564978393641
3.5399999999999467,0.3,0.3540838066634547
3.5449999999999466,0.26,0.3554421967320506
3.5499999999999465,0.26,0.35593633342249104
3.5549999999999464,0.43,0.3559901173759996
3.5599999999999463,0.43,0.3567679063022781
3.564999999999946,0.26,0.3591927314877191
3.569999999999946,0.26,0.36231950813413
3.574999999999946,0.41,0.36437559212113685
3.579999999999946,0.41,0.3650948433168875
3.584999999999946,0.43,0.3656173999996604
3.5899999999999457,0.43,0.36694434032512374
3.5949999999999456,0.99,0.36958926179372686
3.5999999999999455,0.99,0.37427579319087356
3.6049999999999454,0.33,0.38240772182841987
3.6099999999999453,0.33,0.3929138852581933
3.614999999999945,0.33,0.4034462539984993
3.619999999999945,0.33,0.41619620327962337
3.624999999999945,0.41,0.43872111396572866
3.629999999999945,0.41,0.4771516838316673
3.6349999999999447,0.46,0.5282505239813003
3.6399999999999446,0.46,0.5830236732641874
3.6449999999999445,0.7,0.6373260241514421
3.6499999999999444,0.7,0.6916368531069709
3.6549999999999443,1.72,0.745336882832001
3.659999999999944,1.72,0.7956995056640148
3.664999999999944,1.0,0.8403440945616988
3.669999999999944,1.0,0.8780503426766292
3.674999999999944,0.93,0.9133196793037834
3.6799999999999438,0.93,0.9552603986681605
3.6849999999999437,3.46,1.0017426492381205
3.6899999999999435,3.46,1.0451792293861417
3.6949999999999434,0.71,1.0763155375073055
3.6999999999999433,0.71,1.0910911953354807
3.7049999999999432,0.61,1.0973108056369065
3.709999999999943,0.61,1.103577486876051
3.714999999999943,1.39,1.1161190460665815
3.719999999999943,1.39,1.1351811902134232
3.724999999999943,2.76,1.1525845342098127
3.7299999999999427,2.76,1.1690772599731136
3.7349999999999426,0.97,1.1845480294139277
3.7399999999999425,0.97,1.1915479309861876
3.7449999999999424,0.26,1.1871358098185956
3.7499999999999423,0.26,1.1754808200079436
3.754999999999942,2.21,1.1632295139771514
3.759999999999942,2.21,1.1584929503150512
3.764999999999942,1.28,1.169023966460771
3.769999999999942,1.28,1.1852244923836068
3.7749999999999417,1.16,1.1921243850950825
3.7799999999999416,1.16,1.1835603020116503
3.7849999999999415,2.57,1.162092055523667
3.7899999999999414,2.57,1.153587416113432
3.7949999999999413,2.44,1.20744899768121
3.799999999999941,2.44,1.2926216951640717
3.804999999999941,1.08,1.3594265923663782
3.809999999999941,1.08,1.4027258783525907
3.814999999999941,0.42,1.4238977447863967
3.8199999999999408,0.42,1.4411009632719538
3.8249999999999407,2.99,1.484462226950048
3.8299999999999406,2.99,1.544020495068931
3.8349999999999405,1.82,1.6014908250357633
3.8399999999999403,1.82,1.656437273523498
3.8449999999999402,1.11,1.7027905146796207
3.84999999999994,1.11,1.72655976963974
3.85499999999994,1.63,1.7194058672211479
3.85999999999994,1.63,1.6948533544178834
3.86499999999994,1.79,1.6661933020498283
3.8699999999999397,1.79,1.6367645967139268
3.8749999999999396,1.56,1.6045214160244068
3.8799999999999395,1.56,1.5669872003562555
3.8849999999999394,0.4,1.5235982182341001
3.8899999999999393,0.4,1.4749397250089178
3.894999999999939,1.45,1.422073774805761
3.899999999999939,1.45,1.364836103540386
3.904999999999939,1.44,1.3023692316107336
3.909999999999939,1.44,1.2336170412031886
3.9149999999999388,0.99,1.1507439769926913
3.9199999999999386,0.99,1.0890440346470511
3.9249999999999385,0.72,1.226445277668108
3.9299999999999384,0.72,1.3760797914226677
3.9349999999999383,0.78,1.4589391702508898
3.939999999999938,0.78,1.5132839618924712
3.944999999999938,2.62,1.561851317032043
3.949999999999938,2.62,1.6175548312082024
3.954999999999938,2.49,1.6866516501115258
3.959999999999938,2.49,1.7793714256840873
3.9649999999999377,1.93,1.897449733421182
3.9699999999999376,1.93,1.9394851459572073
3.9749999999999375,1.37,1.9367331911919075
3.9799999999999374,1.37,1.9174629223580224
3.9849999999999373,3.6,1.8876366820017005
3.989999999999937,3.6,1.8513375113434045
3.994999999999937,2.22,1.8102801757167315
3.999999999999937,2.22,1.768775602191933
4.004999999999937,1.81,1.7311298765514769
4.009999999999937,1.81,1.6887603435422605
4.014999999999937,1.31,1.6168803765542443
4.0199999999999365,1.31,1.522396496140495
4.024999999999936,0.33,1.4273083321676259
4.029999999999936,0.33,1.3398035887291662
4.034999999999936,1.26,1.2804583058361207
4.039999999999936,1.26,1.3029890203406798
4.044999999999936,0.61,1.4009009782751618
4.049999999999936,0.61,1.4588213290792502
4.054999999999936,2.18,1.4875044708622798
4.059999999999936,2.18,1.5223761565120508
4.0649999999999356,0.33,1.566045067205295
4.0699999999999354,0.33,1.6158078933927587
4.074999999999935,2.13,1.6698727453703128
4.079999999999935,2.13,1.730956739048474
4.084999999999935,1.73,1.78743162899558
4.089999999999935,1.73,1.818132829070134
4.094999999999935,0.8,1.8411239633372234
4.099999999999935,0.8,1.829762940323903
4.104999999999935,3.32,1.7593404495960834
4.109999999999935,3.32,1.6721398242511492
4.1149999999999345,2.06,1.5975389442275718
4.119999999999934,2.06,1.5428896935248013
4.124999999999934,2.52,1.5163419130949725
4.129999999999934,2.52,1.5069903097486086
4.134999999999934,1.03,1.4582717222880452
4.139999999999934,1.03,1.3679373779184838
4.144999999999934,1.16,1.2827786389266427
4.149999999999934,1.16,1.2085383602043254
4.154999999999934,0.89,1.151712862718476
4.1599999999999335,0.89,1.1226049809487353
4.164999999999933,1.39,1.1189922407262762
4.169999999999933,1.39,1.1296363860317664
4.174999999999933,0.93,1.1485747131894384
4.179999999999933,0.93,1.1731153582482428
4.184999999999933,1.79,1.2006837061908329
4.189999999999933,1.79,1.2298379724072106
4.194999999999933,1.16,1.260927650293127
4.199999999999933,1.16,1.2939920013114345
4.204999999999933,1.33,1.33003435035765
4.2099999999999325,1.33,1.3746969056103284
4.214999999999932,1.59,1.4307695584907463
4.219999999999932,1.59,1.49089779535195
4.224999999999932,1.51,1.5501985833876089
4.229999999999932,1.51,1.6092551075626047
4.234999999999932,2.31,1.667486471234275
4.239999999999932,2.31,1.7285179798730488
4.244999999999932,0.95,1.8053937618652316
4.249999999999932,0.95,1.9046782594774898
4.2549999999999315,1.39,2.0118544333075885
4.259999999999931,1.39,2.1067080248130057
4.264999999999931,2.05,2.1843824449286977
4.269999999999931,2.05,2.260334519814305
4.274999999999931,3.63,2.3716485818223134
4.279999999999931,3.63,2.5101835329080204
4.284999999999931,2.98,2.645759916013961
4.289999999999931,2.98,2.7765559234328667
4.294999999999931,2.96,2.9019817076236762
4.2999999999999305,2.96,3.016392637404372
4.30499999999993,3.2,3.1144199794872036
4.30999999999993,3.2,3.1896805219516593
4.31499999999993,3.35,3.233375185008305
4.31999999999993,3.35,3.247427243810283
4.32499999999993,3.86,3.240071265126845
4.32999999999993,3.86,3.223377092889673
4.33499999999993,3.45,3.2066741769165565
4.33999999999993,3.45,3.1892165393782146
4.34499999999993,1.67,3.166283037933572
4.3499999999999295,1.67,3.1333995993084285
4.354999999999929,3.13,3.0893271042455117
4.359999999999929,3.13,3.0372959651130755
4.364999999999929,2.79,2.9819461671140686
4.369999999999929,2.79,2.926593021065575
4.374999999999929,3.4,2.874101997755803
4.379999999999929,3.4,2.823760185169937
4.384999999999929,1.59,2.7605280906434637
4.389999999999929,1.59,2.6794012895448387
4.3949999999999285,2.72,2.59899226634429
4.399999999999928,2.72,2.5319241720140906
4.404999999999928,1.4,2.478676160012396
4.409999999999928,1.4,2.4273912799404704
4.414999999999928,1.13,2.3572721406709305
4.419999999999928,1.13,2.2703777312107567
4.424999999999928,2.04,2.1802926746026747
4.429999999999928,2.04,2.0896038739095855
4.434999999999928,2.03,2.001661580263127
4.439999999999928,2.03,1.9247646039078015
4.4449999999999275,1.8,1.8628253185880086
4.449999999999927,1.8,1.8096785195523855
4.454999999999927,2.75,1.7591074353971528
4.459999999999927,2.75,1.711808332429139
4.464999999999927,1.33,1.6803567435371078
4.469999999999927,1.33,1.6792438590068148
4.474999999999927,1.63,1.697865635564485
4.479999999999927,1.63,1.7070089340884085
4.484999999999927,1.11,1.7077879552606405
4.4899999999999265,1.11,1.7156911994970983
4.494999999999926,3.23,1.7311087793108475
4.499999999999926,3.23,1.7438483082110119
4.504999999999926,2.12,1.7503162290966572
4.509999999999926,2.12,1.7587029726674328
4.514999999999926,1.78,1.770239358902827
4.519999999999926,1.78,1.7688221935335058
4.524999999999926,0.96,1.7290101350563811
4.529999999999926,0.96,1.6626668460152654
4.5349999999999255,1.54,1.600942886050083
4.539999999999925,1.54,1.5528199675424164
4.544999999999925,1.44,1.5133005805851363
4.549999999999925,1.44,1.4807838880853053
4.554999999999925,2.31,1.4623603477968752
4.559999999999925,2.31,1.46250632061767
4.564999999999925,1.16,1.4772190261185583
4.569999999999925,1.16,1.5001394765983933
4.574999999999925,1.5,1.5245511541751282
4.579999999999925,1.5,1.5459530587884442
4.5849999999999245,0.56,1.5670022392932996
4.589999999999924,0.56,1.5943398198147436
4.594999999999924,1.83,1.6295198849024362
4.599999999999924,1.83,1.6677045656404295
4.604999999999924,2.44,1.7019001274833276
4.609999999999924,2.44,1.727145265056358
4.614999999999924,1.74,1.7378470536590989
4.619999999999924,1.74,1.7298812660091472
4.624999999999924,1.78,1.701120578018331
4.6299999999999235,1.78,1.655641059414983
4.634999999999923,0.39,1.6009609205017707
4.639999999999923,0.39,1.5385790097909529
4.644999999999923,1.63,1.4779419121986588
4.649999999999923,1.63,1.4309658617685228
4.654999999999923,1.1,1.3887340096823628
4.659999999999923,1.1,1.3421467328790666
4.664999999999923,0.78,1.2922202558564835
4.669999999999923,0.78,1.2427696041804634
4.6749999999999226,2.69,1.1975283228697526
4.6799999999999224,2.69,1.1580952059106446
4.684999999999922,1.22,1.1221493727622684
4.689999999999922,1.22,1.0911155647237325
4.694999999999922,0.73,1.0697656596322571
4.699999999999922,0.73,1.050992800015131
4.704999999999922,1.12,1.0232802714639764
4.709999999999922,1.12,0.9890497897989454
4.714999999999922,1.88,0.9571499622684461
4.719999999999922,1.88,0.9308791071126293
4.7249999999999215,0.82,0.9055025979138336
4.729999999999921,0.82,0.8812496906787869
4.734999999999921,1.67,0.8656315134845644
4.739999999999921,1.67,0.8565162265865126
4.744999999999921,1.55,0.8440994925128247
4.749999999999921,1.55,0.8300369639189817
4.754999999999921,0.76,0.8274638914224026
4.759999999999921,0.76,0.8393570653326086
4.764999999999921,0.6,0.8561238113484925
4.7699999999999205,0.6,0.878009215828085
4.77499999999992,1.06,0.9106969680072576
4.77999999999992,1.06,0.9494323396835649
4.78499999999992,0.53,0.989110604488628
4.78999999999992,0.53,1.030344026320841
4.79499999999992,1.2,1.0734581629513584
4.79999999999992,1.2,1.1166540470428747
4.80499999999992,1.04,1.154680850927558
4.80999999999992,1.04,1.1819158533561218
4.81499999999992,1.81,1.1957903159689582
4.8199999999999195,1.81,1.1990514054903012
4.824999999999919,1.42,1.1958492257355717
4.829999999999919,1.42,1.1895654543354437
4.834999999999919,0.5,1.1841243437126774
4.839999999999919,0.5,1.1812683305505196
4.844999999999919,1.28,1.177812518052535
4.849999999999919,1.28,1.1663546572805426
4.854999999999919,0.98,1.146951572048064
4.859999999999919,0.98,1.127772554759163
4.8649999999999185,0.97,1.1111359336041937
4.869999999999918,0.97,1.0957481097715587
4.874999999999918,2.28,1.08195096668612
4.879999999999918,2.28,1.0689947765394388
4.884999999999918,1.21,1.0565839399886192
4.889999999999918,1.21,1.0463786160670951
4.894999999999918,1.09,1.0374819197473912
4.899999999999918,1.09,1.0224061277187229
4.904999999999918,0.99,1.0019322904084238
4.9099999999999175,0.99,0.9960166163394364
4.914999999999917,0.48,1.0026476512752398
4.919999999999917,0.48,1.0106245160229483
4.924999999999917,0.36,1.0163480597976398
4.929999999999917,0.36,1.0198809339747024
4.934999999999917,0.32,1.0188145286941779
4.939999999999917,0.32,1.0122925554334727
4.944999999999917,1.01,1.0085117562253694
4.949999999999917,1.01,1.0166447142194146
4.954999999999917,1.28,1.0281283413266313
4.9599999999999165,1.28,1.0273697461219455
4.964999999999916,1.87,1.0168543396858976
4.969999999999916,1.87,1.006446526832465
4.974999999999916,0.76,0.999144324634951
4.979999999999916,0.76,0.9921527033474036
4.984999999999916,1.07,0.9832746328188785
4.989999999999916,1.07,0.973491329377339
4.994999999999916,0.69,0.9682282647964655
4.999999999999916,0.69,0.9742743395659194
5.0049999999999155,1.19,0.9969794665243932
5.009999999999915,1.19,1.0370855051437644
5.014999999999915,0.89,1.0856236360326141
5.019999999999915,0.89,1.1329316369651636
5.024999999999915,3.32,1.1668668452037736
5.029999999999915,3.32,1.185106794558422
5.034999999999915,0.51,1.1998012125646107
5.039999999999915,0.51,1.2150758312448806
5.044999999999915,1.48,1.228947203281875
5.049999999999915,1.48,1.247977273700275
5.0549999999999145,2.06,1.2781672691956723
5.059999999999914,2.06,1.2994841519194218
5.064999999999914,1.18,1.2889003170349647
5.069999999999914,1.18,1.2586825714292966
5.074999999999914,0.51,1.2249696332826527
5.079999999999914,0.51,1.1913348983464707
5.084999999999914,1.2,1.1654919139605018
5.089999999999914,1.2,1.1508528246146787
5.094999999999914,2.65,1.1477928532620407
5.0999999999999135,2.65,1.1536227703146564
5.104999999999913,0.49,1.161594102785902
5.109999999999913,0.49,1.1688078938289397
5.114999999999913,0.88,1.17575920092747
5.119999999999913,0.88,1.182196202484094
5.124999999999913,1.2,1.1885553598361331
5.129999999999913,1.2,1.2030333862336697
5.134999999999913,1.46,1.2359673885185019
5.139999999999913,1.46,1.2790824301807857
5.1449999999999125,1.89,1.3139865296253004
5.149999999999912,1.89,1.3358127232188934
5.154999999999912,1.0,1.356010989950652
5.159999999999912,1.0,1.3797229881091015
5.164999999999912,1.77,1.401953715627432
5.169999999999912,1.77,1.418425231865258
5.174999999999912,0.48,1.4308736984631327
5.179999999999912,0.48,1.4465525225900044
5.184999999999912,1.34,1.4715577523132568
5.189999999999912,1.34,1.4991997992508455
5.1949999999999115,1.67,1.5207701306917625
5.199999999999911,1.67,1.5313707758362183
5.204999999999911,1.53,1.50866998165097
5.209999999999911,1.53,1.456257433112117
5.214999999999911,2.74,1.4049747516251196
5.219999999999911,2.74,1.358455976861413
5.224999999999911,0.61,1.3156604735221011
5.229999999999911,0.61,1.2762751473531537
5.234999999999911,2.41,1.2335944974951616
5.2399999999999105,2.41,1.1835720943741463
5.24499999999991,1.06,1.1285129888613743
5.24999999999991,1.06,1.072108042376815
5.25499999999991,1.73,1.0295043201015162
5.25999999999991,1.73,1.011604602080203
5.26499999999991,0.97,0.9987317040521101
5.26999999999991,0.97,0.984015889845997
5.27499999999991,0.34,0.967440677031787
5.27999999999991,0.34,0.9498924060456566
5.2849999999999095,1.58,0.9328946896350875
5.289999999999909,1.58,0.918781266281536
5.294999999999909,0.95,0.9096023669432783
5.299999999999909,0.95,0.9123871798631372
5.304999999999909,0.71,0.9449848620903268
5.309999999999909,0.71,0.9850894379784642
5.314999999999909,2.02,1.018688118511238
5.319999999999909,2.02,1.054010972228657
5.324999999999909,1.71,1.0890764327411215
5.329999999999909,1.71,1.1230596279927094
5.3349999999999085,0.44,1.1578588573733144
5.339999999999908,0.44,1.1962459926612534
5.344999999999908,1.27,1.2481993081378733
5.349999999999908,1.27,1.287762657950225
5.354999999999908,2.18,1.2676750511522688
5.359999999999908,2.18,1.2068042295038475
5.364999999999908,1.37,1.131578379007176
5.369999999999908,1.37,1.0514898716795726
5.374999999999908,2.02,0.9702932150499413
5.3799999999999075,2.02,0.8908754012933016
5.384999999999907,0.8,0.8154329051523916
5.389999999999907,0.8,0.7406004920669106
5.394999999999907,0.39,0.6657937113777634
5.399999999999907,0.39,0.6023747601565904
5.404999999999907,0.27,0.554500505932693
5.409999999999907,0.27,0.5226683488579276
5.414999999999907,0.27,0.5085479668504773
5.419999999999907,0.27,0.5067593707630291
5.424999999999907,0.64,0.5109738567253822
5.4299999999999065,0.64,0.5217062373233659
5.434999999999906,0.6,0.5404771590918681
5.439999999999906,0.6,0.5603298143564777
5.444999999999906,0.57,0.5732967248036613
5.449999999999906,0.57,0.5807873693740212
5.454999999999906,0.86,0.5867755873877932
5.459999999999906,0.86,0.5937536240274108
5.464999999999906,0.29,0.6073128464077991
5.469999999999906,0.29,0.6306551092074822
5.4749999999999055,0.2,0.6602921848407419
5.479999999999905,0.2,0.6892229023800117
5.484999999999905,0.68,0.7127211881968757
5.489999999999905,0.68,0.731673624148691
5.494999999999905,1.32,0.7510743041280155
5.499999999999905,1.32,0.7760331933884135
5.504999999999905,1.01,0.8049450003418701
5.509999999999905,1.01,0.8286466261094023
5.514999999999905,0.97,0.8387153780994481
5.5199999999999045,0.97,0.8347409526748173
5.524999999999904,0.86,0.8184143147353151
5.529999999999904,0.86,0.788570188705694
5.534999999999904,0.67,0.7451893785714759
5.539999999999904,0.67,0.6961776011607063
5.544999999999904,0.63,0.6522245372246377
5.549999999999904,0.63,0.6214977158552133
5.554999999999904,0.41,0.6066293559396438
5.559999999999904,0.41,0.6022488585421225
5.564999999999904,0.51,0.6043392021773386
5.5699999999999035,0.51,0.6114789248707381
5.574999999999903,1.67,0.6195233824698406
5.579999999999903,1.67,0.6258908630753413
5.584999999999903,1.02,0.6325549827905209
5.589999999999903,1.02,0.6426398087287746
5.594999999999903,0.47,0.6560051788398628
5.599999999999903,0.47,0.6695919290047015
5.604999999999903,1.02,0.6768419270510121
5.609999999999903,1.02,0.670251914786748
5.6149999999999025,0.54,0.6472270039963143
5.619999999999902,0.54,0.6146529090127427
5.624999999999902,0.7,0.5823001939025044
5.629999999999902,0.7,0.5545277127607126
5.634999999999902,0.41,0.5307409223203963
5.639999999999902,0.41,0.5083701413962088
5.644999999999902,1.56,0.4872035820370597
5.649999999999902,1.56,0.4703625752703888
5.654999999999902,0.31,0.4586907589293445
5.6599999999999016,0.31,0.4495578548982435
5.6649999999999014,0.47,0.442115449076917
5.669999999999901,0.47,0.43923496550873214
5.674999999999901,0.38,0.44402640574264757
5.679999999999901,0.38,0.4556076025495123
5.684999999999901,0.8,0.47187399401873803
5.689999999999901,0.8,0.49220542267228407
5.694999999999901,0.34,0.5123544570488808
5.699999999999901,0.34,0.5279934434276412
5.704999999999901,0.55,0.5389196183766278
5.7099999999999005,0.55,0.5471029806816496
5.7149999999999,1.71,0.5565131491611979
5.7199999999999,1.71,0.5698831125104179
5.7249999999999,0.74,0.5837468568516774
5.7299999999999,0.74,0.5940590992736048
5.7349999999999,0.4,0.6020658064600272
5.7399999999999,0.4,0.6083537919581957
5.7449999999999,2.51,0.608804291842709
5.7499999999999,2.51,0.6019723284272613
5.7549999999998995,0.87,0.5911263618488075
5.759999999999899,0.87,0.5803622028217991
5.764999999999899,0.38,0.5712997545728323
5.769999999999899,0.38,0.5623358184921671
5.774999999999899,0.64,0.5498424159382067
5.779999999999899,0.64,0.5290518946603571
5.784999999999899,0.32,0.5050561847907061
5.789999999999899,0.32,0.4881929612813446
5.794999999999899,0.91,0.4768760894066793
5.799999999999899,0.91,0.4658940652128018
5.8049999999998985,0.27,0.454514466962683
5.809999999999898,0.27,0.4426155356051759
5.814999999999898,1.28,0.42955050084193724
5.819999999999898,1.28,0.41729555020504583
5.824999999999898,0.56,0.40909612798792294
5.829999999999898,0.56,0.4046973467906436
5.834999999999898,0.28,0.40236893433155374
5.839999999999898,0.28,0.40306401177362966
5.844999999999898,0.35,0.4064640492708204
5.8499999999998975,0.35,0.4091404071651148
5.854999999999897,0.41,0.4087926964989563
5.859999999999897,0.41,0.4062879917493216
5.864999999999897,0.54,0.40292735022323106
5.869999999999897,0.54,0.39974875511527197
5.874999999999897,0.36,0.39754608190762586
5.879999999999897,0.36,0.39537168051551863
5.884999999999897,0.45,0.3916395827265329
5.889999999999897,0.45,0.3863794707309635
5.8949999999998965,0.31,0.3810229529459666
5.899999999999896,0.31,0.37687979577208724
5.904999999999896,0.29,0.37447856188459927
5.909999999999896,0.29,0.37408575546122136
5.914999999999896,0.41,0.3765117369480203
5.919999999999896,0.41,0.3820432388092625
5.924999999999896,0.34,0.3905610364129024
5.929999999999896,0.34,0.40193598212697573
5.934999999999896,0.51,0.4148344660616117
5.939999999999896,0.51,0.42724773173334424
5.9449999999998955,0.36,0.43810162582888784
5.949999999999895,0.36,0.4473915282052434
5.954999999999895,0.53,0.45529731631374526
5.959999999999895,0.53,0.4624476153228527
5.964999999999895,0.53,0.46988632396062735
5.969999999999895,0.53,0.4776597146388455
5.974999999999895,0.37,0.48472391667875997
5.979999999999895,0.37,0.49033785850340034
5.984999999999895,0.55,0.49427930525057046
5.9899999999998945,0.55,0.4964150117914271
5.994999999999894,0.47,0.4979394999019907
5.999999999999894,0.47,0.5007979573728183
6.004999999999894,0.6,0.5052798474755332
6.009999999999894,0.6,0.5102063253640443
6.014999999999894,0.45,0.5148493107942189
6.019999999999894,0.45,0.5186354891290721
6.024999999999894,0.47,0.5209715538690829
6.029999999999894,0.47,0.5224556374556151
6.034999999999894,0.67,0.5245648847438653
6.0399999999998935,0.67,0.5280239646032809
6.044999999999893,0.4,0.5328523673600971
6.049999999999893,0.4,0.5387853624963825
6.054999999999893,0.61,0.5447688430765423
6.059999999999893,0.61,0.5494196496799947
6.064999999999893,0.51,0.5527754849604536
6.069999999999893,0.51,0.5558842103290247
6.074999999999893,0.61,0.5587241905517579
6.079999999999893,0.61,0.560947855405035
6.0849999999998925,0.6,0.5628898265434586
6.089999999999892,0.6,0.5643648887986505
6.094999999999892,0.46,0.5651220551670088
6.099999999999892,0.46,0.5656082594247261
6.104999999999892,0.73,0.5656830917918528
6.109999999999892,0.73,0.5648778686323231
6.114999999999892,0.39,0.5640497367401694
6.119999999999892,0.39,0.5645196383536694
6.124999999999892,0.63,0.56666004428282
6.1299999999998915,0.63,0.5700474163856254
6.134999999999891,0.6,0.5743212623896835
6.139999999999891,0.6,0.5790280474965447
6.144999999999891,0.46,0.5836475770551981
6.149999999999891,0.46,0.5883700910277325
6.154999999999891,0.73,0.5930409752748609
6.159999999999891,0.73,0.5965871799542175
6.164999999999891,0.55,0.5992993154393627
6.169999999999891,0.55,0.6029337496583961
6.174999999999891,0.66,0.6075922766567844
6.1799999999998905,0.66,0.6114701979596799
6.18499999999989,0.59,0.61312403308759
6.18999999999989,0.59,0.6123508535013376
6.19499999999989,0.54,0.6104931555082949
6.19999999999989,0.54,0.6094350667451096
6.20499999999989,0.81,0.6094200332085201
6.20999999999989,0.81,0.6093820845391935
6.21499999999989,0.47,0.6092268444218014
6.21999999999989,0.47,0.6096868202264351
6.2249999999998895,0.61,0.6108078343661691
6.229999999999889,0.61,0.611940881093792
6.234999999999889,0.7,0.6129904472320007
6.239999999999889,0.7,0.614573420279498
6.244999999999889,0.48,0.617265468723513
6.249999999999889,0.48,0.6213776375873674
6.254999999999889,0.72,0.6262224704664293
6.259999999999889,0.72,0.6301459941472616
6.264999999999889,0.58,0.6328903510238004
6.2699999999998886,0.58,0.6358348899669899
6.2749999999998884,0.7,0.639229234989916
6.279999999999888,0.7,0.6422374504230615
6.284999999999888,0.65,0.6444410660190892
6.289999999999888,0.65,0.6456245019668482
6.294999999999888,0.56,0.6464312571794376
6.299999999999888,0.56,0.6481502739722649
6.304999999999888,0.81,0.6507424174817851
6.309999999999888,0.81,0.6530855415384972
6.314999999999888,0.49,0.6549106282571142
6.3199999999998875,0.49,0.6566876880933462
6.324999999999887,0.69,0.6582308034439215
6.329999999999887,0.69,0.6590155057691754
6.334999999999887,0.76,0.6595267188670358
6.339999999999887,0.76,0.6604972350755792
6.344999999999887,0.57,0.6616524041301138
6.349999999999887,0.57,0.6626756154840077
6.354999999999887,0.74,0.663272554828419
6.359999999999887,0.74,0.6625462938506201
6.3649999999998865,0.55,0.6608752400417511
6.369999999999886,0.55,0.6600102933603088
6.374999999999886,0.78,0.6603622650405809
6.379999999999886,0.78,0.6612052659398844
6.384999999999886,0.58,0.6623517447585321
6.389999999999886,0.58,0.6634748393971522
6.394999999999886,0.63,0.6642693743989848
6.399999999999886,0.63,0.665366706660787
6.404999999999886,0.85,0.6673541466274573
6.409999999999886,0.85,0.6698111832163307
6.4149999999998855,0.49,0.6721758254952402
6.419999999999885,0.49,0.6746566249199547
6.424999999999885,0.74,0.6771415417161881
6.429999999999885,0.74,0.6786128971807638
6.434999999999885,0.68,0.6791117312157565
6.439999999999885,0.68,0.6800464942985545
6.444999999999885,0.68,0.6819024629227216
6.449999999999885,0.68,0.6840398210739785
6.454999999999885,0.71,0.685425327185981
6.4599999999998845,0.71,0.6849796837900385
6.464999999999884,0.6,0.68350411684693
6.469999999999884,0.6,0.6829761935505504
6.474999999999884,0.87,0.6833780493193139
6.479999999999884,0.87,0.6834239052569339
6.484999999999884,0.55,0.6829473794812071
6.489999999999884,0.55,0.6822491456507456
6.494999999999884,0.65,0.6810645263357383
6.499999999999884,0.65,0.6793509966313046
6.5049999999998835,0.86,0.6779088507883531
6.509999999999883,0.86,0.6774574901425312
6.514999999999883,0.5,0.6781886068547591
6.519999999999883,0.5,0.6802673823559175
6.524999999999883,0.76,0.6830659422183647
6.529999999999883,0.76,0.684844653247557
6.534999999999883,0.62,0.6851792419298788
6.539999999999883,0.62,0.6855997886933609
6.544999999999883,0.75,0.6867965487287775
6.549999999999883,0.75,0.688414929376711
6.5549999999998825,0.7,0.6904370408179213
6.559999999999882,0.7,0.6923187095168559
6.564999999999882,0.6,0.693326334563456
6.569999999999882,0.6,0.6937558063137662
6.574999999999882,0.89,0.6937417658283901
6.579999999999882,0.89,0.6928986825950407
6.584999999999882,0.49,0.6916056146602649
6.589999999999882,0.49,0.6907206630709096
6.594999999999882,0.79,0.6904047613816414
6.5999999999998815,0.79,0.6903425460134618
6.604999999999881,0.69,0.690985425489775
6.609999999999881,0.69,0.6927898070186153
6.614999999999881,0.61,0.6949982545724223
6.619999999999881,0.61,0.6968818245246878
6.624999999999881,0.78,0.6981309895761328
6.629999999999881,0.78,0.6982496026165205
6.634999999999881,0.61,0.6979568767807027
6.639999999999881,0.61,0.6989621389926014
6.644999999999881,0.91,0.7013216658869619
6.6499999999998805,0.91,0.7037432780269622
6.65499999999988,0.54,0.705747332054919
6.65999999999988,0.54,0.707123237297809
6.66499999999988,0.71,0.707151759452898
6.66999999999988,0.71,0.7061859162168662
6.67499999999988,0.82,0.7057653180124183
6.67999999999988,0.82,0.7065175187956947
6.68499999999988,0.56,0.7082659986012445
6.68999999999988,0.56,0.7111323338916943
6.6949999999998795,0.83,0.714452310055441
6.699999999999879,0.83,0.7164880926716243
6.704999999999879,0.62,0.7169206913592157
6.709999999999879,0.62,0.71721396826625
6.714999999999879,0.8,0.7177499363577181
6.719999999999879,0.8,0.7178782309279487
6.724999999999879,0.72,0.7176300871129494
6.729999999999879,0.72,0.716975694770535
6.734999999999879,0.63,0.7158508759779488
6.7399999999998785,0.63,0.7148778419925349
6.744999999999878,0.89,0.7140873660698859
6.749999999999878,0.89,0.7126225040855735
6.754999999999878,0.49,0.7103439661498974
6.759999999999878,0.49,0.7081422215284794
6.764999999999878,0.8,0.7065611653447692
6.769999999999878,0.8,0.7054503537068486
6.774999999999878,0.72,0.7052677802166869
6.779999999999878,0.72,0.7065240028539649
6.784999999999878,0.63,0.7083313577745285
6.7899999999998775,0.63,0.7096089986094143
6.794999999999877,0.77,0.7098460211219186
6.799999999999877,0.77,0.7086122480333121
6.804999999999877,0.63,0.7064957101960145
6.809999999999877,0.63,0.7050520327942074
6.814999999999877,0.94,0.7047208182588874
6.819999999999877,0.94,0.704913743734351
6.824999999999877,0.51,0.7056790120163035
6.829999999999877,0.51,0.7067670343415685
6.8349999999998765,0.73,0.7070546618415211
6.839999999999876,0.73,0.7065002897161092
6.844999999999876,0.76,0.7063001924721655
6.849999999999876,0.76,0.7069947893551918
6.854999999999876,0.59,0.7085262049124987
6.859999999999876,0.59,0.7111799775964853
6.864999999999876,0.87,0.7146547817212269
6.869999999999876,0.87,0.7175329041148548
6.874999999999876,0.62,0.7193438195690645
6.8799999999998755,0.62,0.7211283670948615
6.884999999999875,0.79,0.7228467815505014
6.889999999999875,0.79,0.7234097793281777
6.894999999999875,0.7,0.7225352488018807
6.899999999999875,0.7,0.7205428776309284
6.904999999999875,0.68,0.7182369934569403
6.909999999999875,0.68,0.7171278954471548
6.914999999999875,0.86,0.7182767454232097
6.919999999999875,0.86,0.7209064754067184
6.924999999999875,0.5,0.7235043064910075
6.9299999999998745,0.5,0.7255578967066
6.934999999999874,0.78,0.726838649297704
6.939999999999874,0.78,0.7270247347958365
6.944999999999874,0.74,0.7268756617781422
6.949999999999874,0.74,0.7275380803855322
6.954999999999874,0.77,0.728837255345923
6.959999999999874,0.77,0.7299386110744835
6.964999999999874,0.74,0.7299188915201652
6.969999999999874,0.74,0.7276399383913726
6.9749999999998735,0.63,0.7232356700761841
6.979999999999873,0.63,0.7182788143074507
6.984999999999873,0.88,0.713669493672591
6.989999999999873,0.88,0.7094728218743926
6.994999999999873,0.57,0.7062588254106238
6.999999999999873,0.57,0.7044060738813376
7.004999999999873,0.7,0.7032882257240356
7.009999999999873,0.7,0.702207543365226
7.014999999999873,0.76,0.7014729430315974
7.019999999999873,0.76,0.7017525730568402
7.0249999999998725,0.62,0.7032803440235179
7.029999999999872,0.62,0.7062117100351946
7.034999999999872,0.8,0.7097943782836361
7.039999999999872,0.8,0.7124216334740289
7.044999999999872,0.62,0.7141048005068387
7.049999999999872,0.62,0.7162809069515784
7.054999999999872,0.81,0.7189143850741824
7.059999999999872,0.81,0.7208351430167075
7.064999999999872,0.71,0.721316000092065
7.0699999999998715,0.71,0.7203960348372467
7.074999999999871,0.63,0.7196954466854053
7.079999999999871,0.63,0.7208142231638585
7.084999999999871,0.95,0.7227631410609637
7.089999999999871,0.95,0.7235453127961896
7.094999999999871,0.55,0.7230362510182785
7.099999999999871,0.55,0.7226177024870771
7.104999999999871,0.71,0.7232845864553329
7.109999999999871,0.71,0.724591247555961
7.1149999999998705,0.92,0.7254323654498784
7.11999999999987,0.92,0.725569486385168
7.12499999999987,0.51,0.7256290306338276
7.12999999999987,0.51,0.726479255518346
7.13499999999987,0.82,0.727875400475505
7.13999999999987,0.82,0.7279970419140361
7.14499999999987,0.73,0.7262204469286758
7.14999999999987,0.73,0.7243778806767767
7.15499999999987,0.69,0.7238148595391113
7.15999999999987,0.69,0.7242550045182997
7.1649999999998695,0.76,0.7249257889891326
7.169999999999869,0.76,0.7246095102205707
7.174999999999869,0.62,0.722884740855109
7.179999999999869,0.62,0.7209787057909812
7.184999999999869,0.9,0.7197710038438986
7.189999999999869,0.9,0.719037422313135
7.194999999999869,0.61,0.7187959419272076
7.199999999999869,0.61,0.719035622395299
7.204999999999869,0.74,0.7191315484617541
7.2099999999998685,0.74,0.7188997924745772
7.214999999999868,0.75,0.7189756472889514
7.219999999999868,0.75,0.7196195540616862
7.224999999999868,0.63,0.7205485193456611
7.229999999999868,0.63,0.7219499188172351
7.234999999999868,0.81,0.7237215707691335
7.239999999999868,0.81,0.7248991103964234
7.244999999999868,0.66,0.7256333070232592
7.249999999999868,0.66,0.7271063296108053
7.2549999999998676,0.82,0.7288959834363805
7.2599999999998674,0.82,0.7296177598542347
7.264999999999867,0.69,0.7290230002146804
7.269999999999867,0.69,0.7275566814633077
7.274999999999867,0.67,0.7257291482001873
7.279999999999867,0.67,0.724429515355512
7.284999999999867,0.89,0.7245280732620072
7.289999999999867,0.89,0.7257266935939025
7.294999999999867,0.49,0.7268362302964982
7.299999999999867,0.49,0.7273554814200123
7.3049999999998665,0.8,0.7273275945180782
7.309999999999866,0.8,0.7265992349805176
7.314999999999866,0.73,0.7257426877274501
7.319999999999866,0.73,0.7257877969012334
7.324999999999866,0.77,0.7265674124646647
7.329999999999866,0.77,0.7274918850425044
7.334999999999866,0.69,0.728496300556711
7.339999999999866,0.69,0.7288999112196509
7.344999999999866,0.66,0.7278763834690767
7.3499999999998655,0.66,0.7260434240882845
7.354999999999865,0.9,0.7245540390367503
7.359999999999865,0.9,0.7238039972209815
7.364999999999865,0.53,0.7238577239128758
7.369999999999865,0.53,0.7245204991808153
7.374999999999865,0.84,0.7250727494268926
7.379999999999865,0.84,0.7249871009688373
7.384999999999865,0.69,0.7248765070148452
7.389999999999865,0.69,0.7256717497217557
7.394999999999865,0.71,0.7270230532501051
7.3999999999998645,0.71,0.7281701044064973
7.404999999999864,0.76,0.7288867297981965
7.409999999999864,0.76,0.7289543950703865
7.414999999999864,0.64,0.7289650535417923
7.419999999999864,0.64,0.730270467691615
7.424999999999864,0.97,0.7331605335601048
7.429999999999864,0.97,0.7366500253559312
7.434999999999864,0.51,0.7398077334282974
7.439999999999864,0.51,0.7420322500534152
7.4449999999998635,0.79,0.7425057023297557
7.449999999999863,0.79,0.7412066255695812
7.454999999999863,0.81,0.7394731902415255
7.459999999999863,0.81,0.7382873897579959
7.464999999999863,0.69,0.7374804765971267
7.469999999999863,0.69,0.7368625910722959
7.474999999999863,0.79,0.7360906712663564
7.479999999999863,0.79,0.7339732223101197
7.484999999999863,0.59,0.7301942448058828
7.4899999999998625,0.59,0.7260810353263832
7.494999999999862,0.9,0.7226429382972901
7.499999999999862,0.9,0.7201708664645361
7.504999999999862,0.61,0.7191743665893444
7.509999999999862,0.61,0.7193472631541172
7.514999999999862,0.72,0.7193732619108885
7.519999999999862,0.72,0.7189187412819583
7.524999999999862,0.78,0.7189633400934641
7.529999999999862,0.78,0.7198560878838176
7.534999999999862,0.63,0.7207854146357058
7.5399999999998615,0.63,0.7215818143126104
7.544999999999861,0.82,0.7224381637516185
7.549999999999861,0.82,0.722822107498556
7.554999999999861,0.62,0.7230648760050971
7.559999999999861,0.62,0.7242469403439851
7.564999999999861,0.86,0.7258842537698738
7.569999999999861,0.86,0.7268697492975406
7.574999999999861,0.63,0.7271159369557391
7.579999999999861,0.63,0.7267496252753073
7.5849999999998605,0.7,0.7261502367429356
7.58999999999986,0.7,0.726193116178222
7.59499999999986,0.91,0.7269123980765041
7.59999999999986,0.91,0.7274240252823594
7.60499999999986,0.51,0.727497721018679
7.60999999999986,0.51,0.7278787370820932
7.61499999999986,0.8,0.7286975143097018
7.61999999999986,0.8,0.7288956305236798
7.62499999999986,0.76,0.7282998606216494
7.62999999999986,0.76,0.7282112942638771
7.6349999999998595,0.66,0.7290455900002444
7.639999999999859,0.66,0.7301002782597317
7.644999999999859,0.79,0.7307346346120329
7.649999999999859,0.79,0.7301294418517031
7.654999999999859,0.65,0.7282701739364028
7.659999999999859,0.65,0.7265217916153167
7.664999999999859,0.89,0.7256010445569974
7.669999999999859,0.89,0.7251263605390519
7.674999999999859,0.58,0.7249589396553149
7.6799999999998585,0.58,0.7246945649018878
7.684999999999858,0.75,0.723395639226565
7.689999999999858,0.75,0.7212756650566227
7.694999999999858,0.77,0.719802366000872
7.699999999999858,0.77,0.7195855857123197
7.704999999999858,0.63,0.7199658355585835
7.709999999999858,0.63,0.720509038841042
7.714999999999858,0.81,0.7207082543112268
7.719999999999858,0.81,0.7196164505833611
7.7249999999998575,0.63,0.7178069723721241
7.729999999999857,0.63,0.7170341562190765
7.734999999999857,0.84,0.7173289154141431
7.739999999999857,0.84,0.7174948703860877
7.744999999999857,0.64,0.7171453661740199
7.749999999999857,0.64,0.7163476165822948
7.754999999999857,0.65,0.7156095409092927
7.759999999999857,0.65,0.71572816717779
7.764999999999857,0.92,0.7163426105531061
7.769999999999857,0.92,0.7164633460494478
7.7749999999998565,0.53,0.7162661827586039
7.779999999999856,0.53,0.7169031612965918
7.784999999999856,0.78,0.7187952644640966
7.789999999999856,0.78,0.720936276819427
7.794999999999856,0.78,0.7225681495004262
7.799999999999856,0.78,0.7242603809797821
7.804999999999856,0.6,0.7266663106629726
7.809999999999856,0.6,0.7299011201607452
7.814999999999856,0.81,0.7330869047171185
7.8199999999998555,0.81,0.7345382983181717
7.824999999999855,0.69,0.734317006255376
7.829999999999855,0.69,0.734408910747444
7.834999999999855,0.82,0.7353547845779632
7.839999999999855,0.82,0.7358732704461599
7.844999999999855,0.72,0.7349238399509349
7.849999999999855,0.72,0.7323205561246238
7.854999999999855,0.65,0.7293003882333774
7.859999999999855,0.65,0.7274990516973222
7.8649999999998546,0.88,0.7266022933295561
7.8699999999998544,0.88,0.7253135927661332
7.874999999999854,0.55,0.7237476961058417
7.879999999999854,0.55,0.722817172589596
7.884999999999854,0.73,0.7225601338763423
7.889999999999854,0.73,0.7223847058508108
7.894999999999854,0.87,0.7224834555013101
7.899999999999854,0.87,0.7235541675566668
7.904999999999854,0.57,0.7256170690645972
7.909999999999854,0.57,0.7284118201820888
7.9149999999998535,0.82,0.7311391749051341
7.919999999999853,0.82,0.7322748493134823
7.924999999999853,0.65,0.7318827295428683
7.929999999999853,0.65,0.7319203407803146
7.934999999999853,0.82,0.73312128897479
7.939999999999853,0.82,0.7347742306082549
7.944999999999853,0.71,0.7366915676237977
7.949999999999853,0.71,0.738395265913858
7.954999999999853,0.66,0.7387765923131682
7.9599999999998525,0.66,0.7380846685855855
7.964999999999852,0.97,0.7377844975014969
7.969999999999852,0.97,0.7382938898274797
7.974999999999852,0.52,0.7389073845862988
7.979999999999852,0.52,0.7394635684894162
7.984999999999852,0.85,0.7403032404963595
7.989999999999852,0.85,0.7412003282424228
7.994999999999852,0.67,0.7420623850278966
7.999999999999852,0.67,0.7432116864538361
8.004999999999852,0.79,0.7444451640180216
8.009999999999852,0.79,0.7456405153701258
8.014999999999853,0.73,0.746809677438034
8.019999999999854,0.73,0.7469677708728603
8.024999999999855,0.72,0.7451031188936901
8.029999999999855,0.72,0.7423736358814114
8.034999999999856,0.9,0.7413622858594778
8.039999999999857,0.9,0.7426930277269065
8.044999999999858,0.54,0.7445862178231498
8.049999999999859,0.54,0.74547263107728
8.05499999999986,0.81,0.7447163810274632
8.05999999999986,0.81,0.7423982714464398
8.064999999999861,0.66,0.7399019166971865
8.069999999999862,0.66,0.7386294593135883
8.074999999999863,0.91,0.7384755904109676
8.079999999999863,0.91,0.7390270297860887
8.084999999999864,0.67,0.7402645700136705
8.089999999999865,0.67,0.7412601379018019
8.094999999999866,0.67,0.7408921322991574
8.099999999999866,0.67,0.7395889497930365
8.104999999999867,0.91,0.7382133265587651
8.109999999999868,0.91,0.7369178754076752
8.114999999999869,0.53,0.7361685102779777
8.11999999999987,0.53,0.7368881276504538
8.12499999999987,0.84,0.7389280276283803
8.129999999999871,0.84,0.7408777394683064
8.134999999999872,0.72,0.7422720375491466
8.139999999999873,0.72,0.7438840161861211
8.144999999999873,0.72,0.7454806450679482
8.149999999999874,0.72,0.7462395439364637
8.154999999999875,0.82,0.7457404396936
8.159999999999876,0.82,0.7436703297029216
8.164999999999877,0.64,0.7408180568807371
8.169999999999877,0.64,0.7387421591099662
8.174999999999878,0.95,0.7375436316021122
8.179999999999879,0.95,0.736180695239079
8.18499999999988,0.53,0.7343104336518116
8.18999999999988,0.53,0.7320235834260563
8.194999999999881,0.75,0.7291554631976248
8.199999999999882,0.75,0.7261192174097811
8.204999999999883,0.81,0.7240119720074015
8.209999999999884,0.81,0.7231882318968372
8.214999999999884,0.61,0.7234946827136293
8.219999999999885,0.61,0.7252305233853837
8.224999999999886,0.81,0.7277217119469077
8.229999999999887,0.81,0.7290530355945056
8.234999999999888,0.65,0.7290072330297118
8.239999999999888,0.65,0.7294002318148474
8.244999999999889,0.8,0.7308273136492621
8.24999999999989,0.8,0.7324283673753378
8.25499999999989,0.73,0.7336523998098833
8.259999999999891,0.73,0.7342276897893705
8.264999999999892,0.65,0.734635065916047
8.269999999999893,0.65,0.7357879639601806
8.274999999999894,0.92,0.7370376832816614
8.279999999999895,0.92,0.7370583197857298
8.284999999999895,0.58,0.7362580279300147
8.289999999999896,0.58,0.7360404568307825
8.294999999999897,0.77,0.7366902097919368
8.299999999999898,0.77,0.7373382211287055
8.304999999999898,0.83,0.7372869796482195
8.3099999999999,0.83,0.7365926814463207
8.3149999999999,0.56,0.7358751483495926
8.3199999999999,0.56,0.7359059241711005
8.324999999999902,0.88,0.7363476652979634
8.329999999999902,0.88,0.7357046040676679
8.334999999999903,0.67,0.7338547829313578
8.339999999999904,0.67,0.7324992461916634
8.344999999999905,0.74,0.7323539076481459
8.349999999999905,0.74,0.7324888382833142
8.354999999999906,0.77,0.7316830515065071
8.359999999999907,0.77,0.7291769902345904
8.364999999999908,0.62,0.7259526850015302
8.369999999999909,0.62,0.7240079256358865
8.37499999999991,0.9,0.7233466326705078
8.37999999999991,0.9,0.7223775897666656
8.384999999999911,0.61,0.7209302336852051
8.389999999999912,0.61,0.7201220370772312
8.394999999999913,0.69,0.7204864369940523
8.399999999999913,0.69,0.7215977579300017
8.404999999999914,0.85,0.7224049842749913
8.409999999999915,0.85,0.7222932188378788
8.414999999999916,0.53,0.7222489679236367
8.419999999999916,0.53,0.7238832160491905
8.424999999999917,0.86,0.7270575582552349
8.429999999999918,0.86,0.7299083335712394
8.434999999999919,0.72,0.7314902479631751
8.43999999999992,0.72,0.7325694794002012
8.44499999999992,0.65,0.7337121622744722
8.449999999999921,0.65,0.7347228192602776
8.454999999999922,0.87,0.7348072708000991
8.459999999999923,0.87,0.7329851365295876
8.464999999999923,0.62,0.730171604131273
8.469999999999924,0.62,0.7287085733772911
8.474999999999925,0.83,0.7289124782002435
8.479999999999926,0.83,0.7289330398512719
8.484999999999927,0.68,0.7277073787804956
8.489999999999927,0.68,0.7257235988218497
8.494999999999928,0.64,0.7244654611210769
8.499999999999929,0.64,0.725135383550865
8.50499999999993,0.92,0.7267745239961518
8.50999999999993,0.92,0.7274405447310182
8.514999999999931,0.55,0.7270109637327298
8.519999999999932,0.55,0.7270446510547935
8.524999999999933,0.78,0.7284846210724653
8.529999999999934,0.78,0.7305405267978038
8.534999999999934,0.84,0.7317132258023079
8.539999999999935,0.84,0.7317001132358707
8.544999999999936,0.52,0.7315631469413502
8.549999999999937,0.52,0.7324483678406568
8.554999999999938,0.84,0.734017707577839
8.559999999999938,0.84,0.7345337712698877
8.564999999999939,0.72,0.7337726917828336
8.56999999999994,0.72,0.7336363897126293
8.57499999999994,0.69,0.7347929338187668
8.579999999999941,0.69,0.7359518979812781
8.584999999999942,0.82,0.736081723112904
8.589999999999943,0.82,0.7349358708946894
8.594999999999944,0.63,0.7334456062718238
8.599999999999945,0.63,0.7331884932959131
8.604999999999945,0.9,0.7340687164251807
8.609999999999946,0.9,0.7347428666456363
8.614999999999947,0.56,0.7348900808802507
8.619999999999948,0.56,0.7347003124768575
8.624999999999948,0.76,0.7337303353332079
8.62999999999995,0.76,0.732234512954412
8.63499999999995,0.84,0.731595814543135
8.63999999999995,0.84,0.7323484445931201
8.644999999999952,0.59,0.7340695387733588
8.649999999999952,0.59,0.7367356504947864
8.654999999999953,0.85,0.7399146937643445
8.659999999999954,0.85,0.7421911327224632
8.664999999999955,0.62,0.7434056491742229
8.669999999999956,0.62,0.7450625763120962
8.674999999999956,0.84,0.7475582681249114
8.679999999999957,0.84,0.7500941736931794
8.684999999999958,0.74,0.752449256456606
8.689999999999959,0.74,0.7541906272417456
8.69499999999996,0.7,0.7542525059166342
8.69999999999996,0.7,0.7530952339726514
8.704999999999961,0.94,0.7528113873756204
8.709999999999962,0.94,0.7539386209493933
8.714999999999963,0.54,0.7549307536508174
8.719999999999963,0.54,0.7548737713040073
8.724999999999964,0.85,0.75380553887224
8.729999999999965,0.85,0.75173799453399
8.734999999999966,0.65,0.7494035810843235
8.739999999999966,0.65,0.7476706938538055
8.744999999999967,0.9,0.7464023156526411
8.749999999999968,0.9,0.7456801749405483
8.754999999999969,0.68,0.746077416602917
8.75999999999997,0.68,0.7467952424901347
8.76499999999997,0.68,0.7464462381661678
8.769999999999971,0.68,0.7452745933957903
8.774999999999972,0.9,0.7440671766090363
8.779999999999973,0.9,0.7426996652057909
8.784999999999973,0.54,0.7411978256421182
8.789999999999974,0.54,0.7404057459123283
8.794999999999975,0.88,0.7405777744154154
8.799999999999976,0.88,0.7407320161683847
8.804999999999977,0.7,0.740385631369855
8.809999999999977,0.7,0.7400646609290934
8.814999999999978,0.72,0.7398086461541956
8.819999999999979,0.72,0.7394083049189873
8.82499999999998,0.78,0.7384584528939718
8.82999999999998,0.78,0.7360945444519086
8.834999999999981,0.65,0.7331392498296756
8.839999999999982,0.65,0.7317678550054151
8.844999999999983,0.88,0.7319700470440679
8.849999999999984,0.88,0.731829676799933
8.854999999999984,0.62,0.7306898635603846
8.859999999999985,0.62,0.729410037638145
8.864999999999986,0.7,0.7290634560073302
8.869999999999987,0.7,0.7299772884281653
8.874999999999988,0.89,0.7311537695748228
8.879999999999988,0.89,0.7316162935185675
8.88499999999999,0.51,0.7318114940184222
8.88999999999999,0.51,0.7327782145434568
8.89499999999999,0.82,0.7342112321911405
8.899999999999991,0.82,0.7346228544346509
8.904999999999992,0.79,0.7338436267865773
8.909999999999993,0.79,0.7332880659988802
8.914999999999994,0.63,0.7332960884853533
8.919999999999995,0.63,0.7331153816254035
8.924999999999995,0.83,0.7322778931015048
8.929999999999996,0.83,0.7302876298136285
8.934999999999997,0.6,0.7275956137349439
8.939999999999998,0.6,0.7257370130337284
8.944999999999999,0.89,0.7250091249312194
8.95,0.89,0.7245847145029011
8.955,0.59,0.7243605084351517
8.96,0.59,0.7242207186831464
8.965000000000002,0.74,0.7237094019556339
8.970000000000002,0.74,0.7232909897195604
8.975000000000003,0.83,0.7234030595839054
8.980000000000004,0.83,0.7234216093136847
8.985000000000005,0.55,0.7231350959226855
8.990000000000006,0.55,0.7235384601328367
8.995000000000006,0.84,0.7251086364309612
9.000000000000007,0.84,0.7267821666641316
9.005000000000008,0.69,0.728028667204072
9.010000000000009,0.69,0.7298901531166028
9.01500000000001,0.7,0.7329227190085811
9.02000000000001,0.7,0.7364046180605477
9.025000000000011,0.78,0.7390868257103848
9.030000000000012,0.78,0.7399094978420734
9.035000000000013,0.7,0.7396896910927007
9.040000000000013,0.7,0.7405136873962853
9.045000000000014,0.86,0.7423336181607244
9.050000000000015,0.86,0.7432287398659366
9.055000000000016,0.67,0.7426235758422484
9.060000000000016,0.67,0.7415152192096371
9.065000000000017,0.69,0.7410447292742498
9.070000000000018,0.69,0.7416192654909679
9.075000000000019,0.89,0.7425203547963716
9.08000000000002,0.89,0.7430023427121202
9.08500000000002,0.51,0.7433179810309682
9.090000000000021,0.51,0.7441116308971955
9.095000000000022,0.84,0.7453048496080336
9.100000000000023,0.84,0.7460847569048575
9.105000000000024,0.8,0.7463811155429593
9.110000000000024,0.8,0.7471129942539243
9.115000000000025,0.67,0.7485620395400244
9.120000000000026,0.67,0.7502081232869319
9.125000000000027,0.8,0.7508147444246535
9.130000000000027,0.8,0.7488845986041041
9.135000000000028,0.66,0.7452321755705625
9.140000000000029,0.66,0.7424929389063755
9.14500000000003,0.88,0.7413985028747706
9.15000000000003,0.88,0.7406280920794641
9.155000000000031,0.68,0.739209236085814
9.160000000000032,0.68,0.7369733489169689
9.165000000000033,0.66,0.7347020200451059
9.170000000000034,0.66,0.7332651876670153
9.175000000000034,0.93,0.7318669751012034
9.180000000000035,0.93,0.7293428427717409
9.185000000000036,0.55,0.7261803624112989
9.190000000000037,0.55,0.7239858612481205
9.195000000000038,0.75,0.723764679475095
9.200000000000038,0.75,0.7247956873733544
9.20500000000004,0.83,0.7258929571240353
9.21000000000004,0.83,0.7272357979384542
9.21500000000004,0.54,0.7300389782196386
9.220000000000041,0.54,0.7351249735003165
9.225000000000042,0.81,0.7414299498825644
9.230000000000043,0.81,0.7465577685800966
9.235000000000044,0.74,0.7499810567768425
9.240000000000045,0.74,0.7535691134354475
9.245000000000045,0.76,0.7582508981807842
9.250000000000046,0.76,0.7631108428531121
9.255000000000047,0.86,0.7668077510233805
9.260000000000048,0.86,0.7683209051648001
9.265000000000049,0.64,0.7681084205618179
9.27000000000005,0.64,0.7675794979007278
9.27500000000005,0.92,0.7665989826252626
9.28000000000005,0.92,0.7640404138890797
9.285000000000052,0.67,0.7600064903418874
9.290000000000052,0.67,0.7554245746478058
9.295000000000053,0.73,0.7509345899474469
9.300000000000054,0.73,0.7470064839302424
9.305000000000055,0.88,0.7441133253829679
9.310000000000056,0.88,0.7419562893418274
9.315000000000056,0.55,0.7398854307369201
9.320000000000057,0.55,0.738177219121244
9.325000000000058,0.81,0.7369842953380877
9.330000000000059,0.81,0.7354182222111156
9.33500000000006,0.7,0.7334973346904269
9.34000000000006,0.7,0.7325049910800691
9.345000000000061,0.77,0.7326647051569437
9.350000000000062,0.77,0.7334146216048073
9.355000000000063,0.73,0.7346988977189789
9.360000000000063,0.73,0.7363023589774154
9.365000000000064,0.66,0.7384049688411588
9.370000000000065,0.66,0.7421204901334745
9.375000000000066,0.89,0.7482443080824966
9.380000000000067,0.89,0.7558798314831735
9.385000000000067,0.53,0.7625966294274608
9.390000000000068,0.53,0.7667904921172001
9.395000000000069,0.85,0.768446052700771
9.40000000000007,0.85,0.7683153314297327
9.40500000000007,0.84,0.7676239444172871
9.410000000000071,0.84,0.7670682214534958
9.415000000000072,0.84,0.7658787087039256
9.420000000000073,0.84,0.7635421881708025
9.425000000000074,0.63,0.7605695400666784
9.430000000000074,0.63,0.7565994177275472
9.435000000000075,0.71,0.7510514211074617
9.440000000000076,0.71,0.7450381971448818
9.445000000000077,0.85,0.7405735781498572
9.450000000000077,0.85,0.7387439121724976
9.455000000000078,0.56,0.73980549620826
9.460000000000079,0.56,0.74307587024023
9.46500000000008,0.88,0.746818917367419
9.47000000000008,0.88,0.7495135973079025
9.475000000000081,0.7,0.7512097411176002
9.480000000000082,0.7,0.7530661573387665
9.485000000000083,0.78,0.7550685350111564
9.490000000000084,0.78,0.7562982244325201
9.495000000000084,0.79,0.755996683695345
9.500000000000085,0.79,0.7536936124522194
9.505000000000086,0.65,0.7505737312610322
9.510000000000087,0.65,0.7486580270650325
9.515000000000088,0.94,0.7478276946174832
9.520000000000088,0.94,0.7465920781379819
9.52500000000009,0.59,0.745134098191844
9.53000000000009,0.59,0.7446596977693226
9.53500000000009,0.73,0.7452949813463047
9.540000000000092,0.73,0.746306855628148
9.545000000000092,0.88,0.7470527647616232
9.550000000000093,0.88,0.747213564269254
9.555000000000094,0.55,0.7468564423271318
9.560000000000095,0.55,0.7467272137675905
9.565000000000095,0.93,0.7471095868395247
9.570000000000096,0.93,0.7469656251689957
9.575000000000097,0.7,0.7459883449863554
9.580000000000098,0.7,0.7453710949225034
9.585000000000099,0.73,0.7453555926965415
9.5900000000001,0.73,0.7452862124955163
9.5950000000001,0.74,0.7454123777916345
9.600000000000101,0.74,0.7459683394324796
9.605000000000102,0.67,0.7470980580287164
9.610000000000102,0.67,0.7494636901001044
9.615000000000103,0.95,0.7527271504936985
9.620000000000104,0.95,0.7555736182543004
9.625000000000105,0.54,0.7573848320615214
9.630000000000106,0.54,0.7582139375083725
9.635000000000106,0.9,0.7577676316982749
9.640000000000107,0.9,0.7560892152482803
9.645000000000108,0.78,0.7541177857338224
9.650000000000109,0.78,0.7525393966295623
9.65500000000011,0.65,0.7514005774694842
9.66000000000011,0.65,0.7507666439323429
9.665000000000111,0.8,0.7500309934897021
9.670000000000112,0.8,0.7477957525219522
9.675000000000113,0.64,0.7447798794401438
9.680000000000113,0.64,0.7436697671964401
9.685000000000114,0.89,0.7450184236609767
9.690000000000115,0.89,0.7468106406195048
9.695000000000116,0.7,0.7473289549667504
9.700000000000117,0.7,0.7463695969751036
9.705000000000117,0.68,0.7453032003999377
9.710000000000118,0.68,0.7454187378114002
9.715000000000119,0.97,0.7458367119928917
9.72000000000012,0.97,0.7451418744881051
9.72500000000012,0.53,0.7438329632072914
9.730000000000121,0.53,0.7434656304577855
9.735000000000122,0.75,0.744444051985304
9.740000000000123,0.75,0.7454697907474375
9.745000000000124,0.88,0.7452806422835445
9.750000000000124,0.88,0.7443080455782115
9.755000000000125,0.58,0.7440072479510786
9.760000000000126,0.58,0.7454190437505412
9.765000000000127,0.88,0.7477759464863539
9.770000000000127,0.88,0.7488183371343677
9.775000000000128,0.69,0.74788851484352
9.780000000000129,0.69,0.7466041625027082
9.78500000000013,0.73,0.7456561413746543
9.79000000000013,0.73,0.7443970764165165
9.795000000000131,0.81,0.7425214517971385
9.800000000000132,0.81,0.7399472718276033
9.805000000000133,0.63,0.7375018787450535
9.810000000000134,0.63,0.7366123553561817
9.815000000000135,0.91,0.7368457416082251
9.820000000000135,0.91,0.7365150092275118
9.825000000000136,0.56,0.7353910750653143
9.830000000000137,0.56,0.7344470003356595
9.835000000000138,0.76,0.7343176661200225
9.840000000000138,0.76,0.7352287875860848
9.84500000000014,0.84,0.7370375576556939
9.85000000000014,0.84,0.7391404535338781
9.85500000000014,0.55,0.7413906074192652
9.860000000000142,0.55,0.7444120354016106
9.865000000000142,0.87,0.7477942151346333
9.870000000000143,0.87,0.7498359889744131
9.875000000000144,0.73,0.7503030674828255
9.880000000000145,0.73,0.7508260222598973
9.885000000000145,0.74,0.7515797442318838
9.890000000000146,0.74,0.750931921514327
9.895000000000147,0.81,0.7477331600617043
9.900000000000148,0.81,0.7419961323489845
9.905000000000149,0.64,0.7351398634357178
9.91000000000015,0.64,0.729048573214161
9.91500000000015,0.93,0.7239410482062311
9.920000000000151,0.93,0.71893089185254
9.925000000000152,0.49,0.7141577997030911
9.930000000000152,0.49,0.7100818089370128
9.935000000000153,0.72,0.7062870279632392
9.940000000000154,0.72,0.7027359700320343
9.945000000000155,0.77,0.7005121637128545
9.950000000000156,0.77,0.7001536345286634
9.955000000000156,0.57,0.7011219457101586
9.960000000000157,0.57,0.7034395067346139
9.965000000000158,0.85,0.7046263612560867
9.970000000000159,0.85,0.7055504261822175
9.97500000000016,0.6,0.7063832058000098
9.98000000000016,0.6,0.7070989303400219
9.985000000000161,0.82,0.7077360773806012
9.990000000000162,0.82,0.7083669723587196
9.995000000000163,0.65,0.708952711650058
10.000000000000163,0.65,0.709368083224659
